{
  "system_configuration": {
    "num_devices": 100,
    "num_zones": 16,
    "num_rounds": 0,
    "dataset": "shakespeare"
  },
  "final_performance": {
    "continuum_fl": {
      "accuracy": 0.0,
      "loss": Infinity,
      "total_communication_cost": 0
    }
  },
  "aggregation_statistics": {},
  "zone_discovery_statistics": {
    "rounds_completed": 1,
    "average_stability": 1.0,
    "total_migrations": 0,
    "migration_history_size": 0
  },
  "baseline_comparison": {
    "FedProx": {
      "method": "FedProx",
      "final_accuracy": 0.18865677234586406,
      "final_loss": 3.1172969088279943,
      "accuracies": [
        0.0068666943243713445,
        0.18865677234586406,
        0.18865677234586406,
        0.18865677234586406,
        0.18865677234586406,
        0.18865677234586406,
        0.18865677234586406,
        0.18865677234586406,
        0.18865677234586406,
        0.18865677234586406,
        0.18865677234586406,
        0.18865677234586406,
        0.18865677234586406,
        0.18865677234586406,
        0.18865677234586406,
        0.18865677234586406,
        0.18865677234586406,
        0.18865677234586406,
        0.18865677234586406,
        0.18865677234586406,
        0.18865677234586406,
        0.18865677234586406,
        0.18865677234586406,
        0.18865677234586406,
        0.18865677234586406,
        0.18865677234586406,
        0.18865677234586406,
        0.18865677234586406,
        0.18865677234586406,
        0.18865677234586406,
        0.18865677234586406,
        0.18865677234586406,
        0.18865677234586406,
        0.18865677234586406,
        0.18865677234586406,
        0.18865677234586406,
        0.18865677234586406,
        0.18865677234586406,
        0.18865677234586406,
        0.18865677234586406,
        0.18865677234586406,
        0.18865677234586406,
        0.18865677234586406,
        0.18865677234586406,
        0.18865677234586406,
        0.18865677234586406,
        0.18865677234586406,
        0.18865677234586406,
        0.18865677234586406,
        0.18865677234586406,
        0.18865677234586406,
        0.18865677234586406,
        0.18865677234586406
      ],
      "losses": [
        4.433166372118523,
        3.1341682592456004,
        3.121064534208553,
        3.119870223036038,
        3.119337455219257,
        3.1190405601751072,
        3.1187720484789123,
        3.1185307737367127,
        3.1183894767300564,
        3.118255212744771,
        3.1181651978061478,
        3.1180621395171526,
        3.1180043165795643,
        3.1179528735238584,
        3.117843244940747,
        3.117822881531495,
        3.117767310787775,
        3.117748697333321,
        3.117691734344349,
        3.117681674677119,
        3.1176442135968983,
        3.117602666239495,
        3.117618027902213,
        3.117570253115233,
        3.117516002127388,
        3.117533105577088,
        3.1175171218125857,
        3.117502913241437,
        3.117520786855024,
        3.117484414442715,
        3.117479353111956,
        3.117535216386043,
        3.1174620659272123,
        3.1174197111810957,
        3.117395300720603,
        3.117496839019688,
        3.1174454041522184,
        3.1173784017113637,
        3.117436136824499,
        3.1173881988445347,
        3.1174000979041594,
        3.117352540381112,
        3.1173738804775053,
        3.1173786083979738,
        3.1173367295905554,
        3.1173745322897237,
        3.117370261031906,
        3.117339735530998,
        3.1173575203399944,
        3.117343776640152,
        3.117314448990451,
        3.117326192759455,
        3.1172969088279943
      ],
      "total_time": 232438.38058948517,
      "convergence_round": 1
    }
  }
}