{
  "total_rounds": 201,
  "total_training_time": 29016.541133880615,
  "final_accuracy": 0.41288205836643066,
  "final_loss": 3.418036338505824,
  "average_round_time": 145.0087373638153,
  "total_communication_cost": 176141.7205810547,
  "device_participation_stats": {
    "device_39": 104,
    "device_21": 134,
    "device_16": 134,
    "device_25": 134,
    "device_86": 114,
    "device_73": 131,
    "device_57": 105,
    "device_18": 134,
    "device_52": 128,
    "device_95": 138,
    "device_74": 123,
    "device_55": 105,
    "device_71": 123,
    "device_72": 115,
    "device_94": 133,
    "device_13": 102,
    "device_91": 136,
    "device_11": 120,
    "device_1": 127,
    "device_42": 120,
    "device_9": 127,
    "device_44": 100,
    "device_83": 127,
    "device_15": 121,
    "device_63": 128,
    "device_82": 136,
    "device_70": 130,
    "device_0": 139,
    "device_38": 104,
    "device_6": 105,
    "device_24": 97,
    "device_87": 131,
    "device_58": 136,
    "device_27": 98,
    "device_54": 101,
    "device_20": 137,
    "device_40": 128,
    "device_37": 132,
    "device_50": 137,
    "device_26": 121,
    "device_81": 127,
    "device_17": 118,
    "device_59": 98,
    "device_79": 128,
    "device_35": 100,
    "device_30": 132,
    "device_3": 135,
    "device_75": 104,
    "device_19": 138,
    "device_99": 137,
    "device_85": 138,
    "device_68": 116,
    "device_90": 99,
    "device_2": 127,
    "device_28": 120,
    "device_4": 130,
    "device_93": 133,
    "device_32": 133,
    "device_34": 133,
    "device_60": 104,
    "device_77": 131,
    "device_5": 100,
    "device_43": 137,
    "device_53": 100,
    "device_51": 128,
    "device_7": 135,
    "device_23": 122,
    "device_29": 98,
    "device_78": 128,
    "device_56": 118,
    "device_31": 133,
    "device_36": 98,
    "device_69": 122,
    "device_45": 135,
    "device_84": 134,
    "device_22": 94,
    "device_61": 130,
    "device_10": 120,
    "device_41": 122,
    "device_76": 137,
    "device_92": 98,
    "device_62": 128,
    "device_64": 114,
    "device_65": 115,
    "device_97": 117,
    "device_98": 116,
    "device_96": 96,
    "device_8": 100,
    "device_33": 101,
    "device_12": 130,
    "device_49": 99,
    "device_47": 134,
    "device_14": 137,
    "device_88": 100,
    "device_66": 99,
    "device_48": 96,
    "device_67": 99,
    "device_89": 96,
    "device_80": 130,
    "device_46": 131
  },
  "convergence_rounds": 190,
  "zone_discovery_stats": {
    "rounds_completed": 1,
    "average_stability": 1.0,
    "total_migrations": 0,
    "migration_history_size": 0
  },
  "aggregation_stats": {
    "total_rounds": 200,
    "zone_participation_rates": {
      "zone_0": 1.0,
      "zone_1": 1.0,
      "zone_2": 1.0,
      "zone_3": 1.0,
      "zone_4": 1.0,
      "zone_5": 1.0,
      "zone_6": 1.0,
      "zone_7": 1.0,
      "zone_8": 1.0,
      "zone_9": 1.0,
      "zone_10": 1.0,
      "zone_11": 1.0,
      "zone_12": 1.0,
      "zone_13": 1.0,
      "zone_14": 1.0,
      "zone_15": 1.0,
      "zone_16": 1.0,
      "zone_17": 1.0,
      "zone_18": 1.0,
      "zone_19": 1.0,
      "zone_20": 1.0,
      "zone_21": 1.0
    },
    "average_communication_cost_mb": 880.7086029052734,
    "spatial_correlations": {
      "average": 0.9996153594850727,
      "maximum": 0.9999999992944921,
      "total_pairs": 253
    },
    "staleness_distribution": {
      "zone_0": 0,
      "zone_1": 0,
      "zone_2": 0,
      "zone_3": 0,
      "zone_4": 0,
      "zone_5": 0,
      "zone_6": 0,
      "zone_7": 0,
      "zone_8": 0,
      "zone_9": 0,
      "zone_10": 0,
      "zone_11": 0,
      "zone_12": 0,
      "zone_13": 0,
      "zone_14": 0,
      "zone_15": 0,
      "zone_16": 0,
      "zone_17": 0,
      "zone_18": 0,
      "zone_19": 0,
      "zone_20": 0,
      "zone_21": 0
    },
    "current_zone_weights": {
      "zone_0": 0.056803301148314174,
      "zone_1": 0.04138839921883357,
      "zone_2": 0.055465494212222854,
      "zone_3": 0.03962812424217479,
      "zone_4": 0.04261502996682349,
      "zone_5": 0.05485850426053971,
      "zone_6": 0.05116781770524588,
      "zone_7": 0.04401458027539448,
      "zone_8": 0.03267372790614736,
      "zone_9": 0.05682047691490221,
      "zone_10": 0.042598262472295166,
      "zone_11": 0.03595451764205823,
      "zone_12": 0.05622109968712746,
      "zone_13": 0.030782690069720942,
      "zone_14": 0.04688744518897449,
      "zone_15": 0.051933504331230805,
      "zone_16": 0.03396065066880157,
      "zone_17": 0.05279141999239263,
      "zone_18": 0.03681462366334702,
      "zone_19": 0.05673252957736773,
      "zone_20": 0.03889345380917141,
      "zone_21": 0.040994347046914056
    }
  }
}