{
  "system_configuration": {
    "num_devices": 100,
    "num_zones": 10,
    "num_rounds": 0,
    "dataset": "shakespeare"
  },
  "final_performance": {
    "continuum_fl": {
      "accuracy": 0.0,
      "loss": Infinity,
      "total_communication_cost": 0
    }
  },
  "aggregation_statistics": {},
  "zone_discovery_statistics": {
    "rounds_completed": 1,
    "average_stability": 1.0,
    "total_migrations": 0,
    "migration_history_size": 0
  },
  "baseline_comparison": {
    "HierFL": {
      "method": "HierFL",
      "final_accuracy": 0.18865677234586406,
      "final_loss": 3.117441915636726,
      "accuracies": [
        0.18865677234586406,
        0.18865677234586406,
        0.18865677234586406,
        0.18865677234586406,
        0.18865677234586406,
        0.18865677234586406,
        0.18865677234586406,
        0.18865677234586406,
        0.18865677234586406,
        0.18865677234586406,
        0.18865677234586406,
        0.18865677234586406,
        0.18865677234586406,
        0.18865677234586406,
        0.18865677234586406,
        0.18865677234586406,
        0.18865677234586406,
        0.18865677234586406,
        0.18865677234586406,
        0.18865677234586406,
        0.18865677234586406,
        0.18865677234586406,
        0.18865677234586406,
        0.18865677234586406,
        0.18865677234586406,
        0.18865677234586406,
        0.18865677234586406,
        0.18865677234586406,
        0.18865677234586406,
        0.18865677234586406
      ],
      "losses": [
        3.1247376424680633,
        3.120174338859252,
        3.119461223375883,
        3.119098066283073,
        3.1187907235391257,
        3.1185446296011023,
        3.118357586713636,
        3.1181989603763003,
        3.118128187038099,
        3.1180618238718636,
        3.117983197647237,
        3.117929980970483,
        3.11781639463079,
        3.117833493057282,
        3.1177633232595006,
        3.11766332353211,
        3.1177088685050407,
        3.1176326672644517,
        3.117583466376618,
        3.117598591969004,
        3.1175559650712246,
        3.117561217100092,
        3.117543754082667,
        3.1174869540008054,
        3.117462893265819,
        3.117487291249971,
        3.117469881650069,
        3.1174781728419756,
        3.1174302131560374,
        3.117441915636726
      ],
      "total_time": 149631.75865268707,
      "convergence_round": 0,
      "num_clusters": 10
    }
  }
}