{
  "system_configuration": {
    "num_devices": 100,
    "num_zones": 16,
    "num_rounds": 0,
    "dataset": "shakespeare"
  },
  "final_performance": {
    "continuum_fl": {
      "accuracy": 0.0,
      "loss": Infinity,
      "total_communication_cost": 0
    }
  },
  "aggregation_statistics": {},
  "zone_discovery_statistics": {
    "rounds_completed": 1,
    "average_stability": 1.0,
    "total_migrations": 0,
    "migration_history_size": 0
  },
  "baseline_comparison": {
    "FedAvg": {
      "method": "FedAvg",
      "final_accuracy": 0.18865677234586406,
      "final_loss": 3.117255956536901,
      "accuracies": [
        0.18865677234586406,
        0.18865677234586406,
        0.18865677234586406,
        0.18865677234586406,
        0.18865677234586406,
        0.18865677234586406,
        0.18865677234586406,
        0.18865677234586406,
        0.18865677234586406,
        0.18865677234586406,
        0.18865677234586406,
        0.18865677234586406,
        0.18865677234586406,
        0.18865677234586406,
        0.18865677234586406,
        0.18865677234586406,
        0.18865677234586406,
        0.18865677234586406,
        0.18865677234586406,
        0.18865677234586406,
        0.18865677234586406,
        0.18865677234586406,
        0.18865677234586406,
        0.18865677234586406,
        0.18865677234586406,
        0.18865677234586406,
        0.18865677234586406,
        0.18865677234586406,
        0.18865677234586406,
        0.18865677234586406,
        0.18865677234586406,
        0.18865677234586406,
        0.18865677234586406,
        0.18865677234586406,
        0.18865677234586406,
        0.18865677234586406,
        0.18865677234586406,
        0.18865677234586406,
        0.18865677234586406,
        0.18865677234586406,
        0.18865677234586406,
        0.18865677234586406,
        0.18865677234586406,
        0.18865677234586406,
        0.18865677234586406,
        0.18865677234586406,
        0.18865677234586406,
        0.18865677234586406,
        0.18865677234586406,
        0.18865677234586406,
        0.18865677234586406,
        0.18865677234586406,
        0.18865677234586406,
        0.18865677234586406,
        0.18865677234586406,
        0.18865677234586406,
        0.18865677234586406,
        0.18865677234586406,
        0.18865677234586406,
        0.18865677234586406,
        0.18865677234586406,
        0.18865677234586406,
        0.18865677234586406
      ],
      "losses": [
        3.1248266752062697,
        3.119743530086231,
        3.118975358227419,
        3.1186663391207046,
        3.118412811182753,
        3.1181655851036116,
        3.1180733289159948,
        3.117977749549922,
        3.11783933878435,
        3.1177986316094457,
        3.117715658983085,
        3.1176352389016433,
        3.117651477542876,
        3.117577487452874,
        3.1176303017829614,
        3.1175621805757885,
        3.1175054582923845,
        3.117496083517032,
        3.117442753491397,
        3.1174719805340114,
        3.1174753281750798,
        3.1174398442170683,
        3.1174160052995723,
        3.1174232735744933,
        3.117445686044004,
        3.1173937715827376,
        3.1174221105590263,
        3.1173792730540844,
        3.117324296927444,
        3.117340028612693,
        3.1173160563760036,
        3.1173122915841,
        3.117300975829128,
        3.117358701467596,
        3.1173008037128036,
        3.117260621871471,
        3.117327488746983,
        3.1173397712856175,
        3.117320471224045,
        3.117359908385079,
        3.117323922085901,
        3.117290330896969,
        3.1172827904703846,
        3.1172812393815112,
        3.1172897449581947,
        3.1173084340466337,
        3.11732456003325,
        3.1172886161658813,
        3.117242012031277,
        3.1172504591672294,
        3.1172549366828473,
        3.1172805383377753,
        3.1173097467577673,
        3.117283216136169,
        3.117262401863417,
        3.1172547503341015,
        3.1172776972647194,
        3.117277880591373,
        3.117243086242153,
        3.1172775866316376,
        3.1173001210874953,
        3.117240835579751,
        3.117255956536901
      ],
      "total_time": 232290.9134504795,
      "convergence_round": 0
    }
  }
}