{
  "total_rounds": 201,
  "total_training_time": 44114.94066238403,
  "final_accuracy": 0.53522,
  "final_loss": 1.859381833216813,
  "average_round_time": 220.573277810812,
  "total_communication_cost": 120505.87646484375,
  "device_participation_stats": {
    "device_25": 138,
    "device_98": 134,
    "device_95": 141,
    "device_22": 140,
    "device_54": 137,
    "device_33": 130,
    "device_99": 134,
    "device_65": 132,
    "device_86": 152,
    "device_6": 133,
    "device_20": 134,
    "device_39": 128,
    "device_56": 130,
    "device_41": 139,
    "device_52": 130,
    "device_78": 140,
    "device_90": 141,
    "device_91": 138,
    "device_7": 130,
    "device_10": 127,
    "device_62": 148,
    "device_9": 134,
    "device_51": 152,
    "device_67": 144,
    "device_29": 134,
    "device_58": 143,
    "device_30": 136,
    "device_34": 132,
    "device_23": 138,
    "device_31": 140,
    "device_81": 141,
    "device_46": 127,
    "device_68": 140,
    "device_63": 140,
    "device_69": 135,
    "device_66": 139,
    "device_2": 135,
    "device_94": 142,
    "device_38": 127,
    "device_60": 134,
    "device_32": 139,
    "device_27": 134,
    "device_35": 119,
    "device_5": 115,
    "device_64": 132,
    "device_97": 144,
    "device_1": 139,
    "device_4": 121,
    "device_57": 139,
    "device_93": 127,
    "device_73": 112,
    "device_96": 122,
    "device_85": 123,
    "device_92": 148,
    "device_28": 112,
    "device_77": 134,
    "device_45": 135,
    "device_71": 128,
    "device_50": 122,
    "device_70": 132,
    "device_59": 137,
    "device_82": 115,
    "device_0": 133,
    "device_26": 138,
    "device_84": 137,
    "device_18": 119,
    "device_49": 129,
    "device_3": 131,
    "device_48": 125,
    "device_53": 134,
    "device_72": 132,
    "device_55": 138,
    "device_16": 129,
    "device_42": 131,
    "device_61": 152,
    "device_12": 140,
    "device_21": 131,
    "device_14": 125,
    "device_19": 135,
    "device_89": 123,
    "device_87": 113,
    "device_11": 141,
    "device_24": 124,
    "device_37": 140,
    "device_15": 103,
    "device_13": 103,
    "device_8": 124,
    "device_79": 134,
    "device_40": 133,
    "device_75": 113,
    "device_80": 138,
    "device_36": 137,
    "device_74": 137,
    "device_47": 147,
    "device_17": 138,
    "device_76": 148,
    "device_88": 120,
    "device_43": 120,
    "device_83": 136,
    "device_44": 137
  },
  "convergence_rounds": 190,
  "zone_discovery_stats": {
    "rounds_completed": 1,
    "average_stability": 1.0,
    "total_migrations": 0,
    "migration_history_size": 0
  },
  "aggregation_stats": {
    "total_rounds": 200,
    "zone_participation_rates": {
      "zone_0": 1.0,
      "zone_1": 1.0,
      "zone_2": 1.0,
      "zone_3": 1.0,
      "zone_4": 1.0,
      "zone_5": 1.0,
      "zone_6": 1.0,
      "zone_7": 1.0,
      "zone_8": 1.0,
      "zone_9": 1.0
    },
    "average_communication_cost_mb": 602.5293823242188,
    "spatial_correlations": {
      "average": 0.9999947766595584,
      "maximum": 1.0000183237637683,
      "total_pairs": 55
    },
    "staleness_distribution": {
      "zone_0": 0,
      "zone_1": 0,
      "zone_2": 0,
      "zone_3": 0,
      "zone_4": 0,
      "zone_5": 0,
      "zone_6": 0,
      "zone_7": 0,
      "zone_8": 0,
      "zone_9": 0
    },
    "current_zone_weights": {
      "zone_0": 0.11133137345314026,
      "zone_1": 0.10994578152894974,
      "zone_2": 0.11749520897865295,
      "zone_3": 0.07375992089509964,
      "zone_4": 0.10099011659622192,
      "zone_5": 0.11773809045553207,
      "zone_6": 0.08960769325494766,
      "zone_7": 0.11716267466545105,
      "zone_8": 0.06126723065972328,
      "zone_9": 0.10070189833641052
    }
  }
}