{
  "system_configuration": {
    "num_devices": 100,
    "num_zones": 16,
    "num_rounds": 0,
    "dataset": "femnist"
  },
  "final_performance": {
    "continuum_fl": {
      "accuracy": 0.0,
      "loss": Infinity,
      "total_communication_cost": 0
    }
  },
  "aggregation_statistics": {},
  "zone_discovery_statistics": {
    "rounds_completed": 1,
    "average_stability": 1.0,
    "total_migrations": 0,
    "migration_history_size": 0
  },
  "baseline_comparison": {
    "ClusterFL": {
      "method": "ClusterFL",
      "final_accuracy": 0.8593542761703591,
      "final_loss": 0.4146790559786008,
      "accuracies": [
        0.047674018765043964,
        0.04493540305546004,
        0.060083754973719115,
        0.22669720489266593,
        0.3444085572530334,
        0.442955740040281,
        0.5764847472613843,
        0.6375878076337378,
        0.6810863585007614,
        0.704511961487449,
        0.7240998182443386,
        0.7476850714741858,
        0.7582404087046225,
        0.7722712089207644,
        0.7705826005796532,
        0.7855897234366557,
        0.7841283096723486,
        0.7975573512796581,
        0.8006275482634966,
        0.8052942476789311,
        0.8083583042688018,
        0.8100162106400747,
        0.814590804145994,
        0.8158741464852385,
        0.8112627106155131,
        0.8186189025887901,
        0.8216583976027902,
        0.8217259419364347,
        0.8247101734047256,
        0.8241513975536671,
        0.8265031684432873,
        0.8307338998870167,
        0.8287566930294248,
        0.8320479441960996,
        0.8338040968708552,
        0.8357321805767058,
        0.8369234170064351,
        0.8361804293363462,
        0.8336444466276957,
        0.8360576214569927,
        0.8392137839563787,
        0.8390725548951221,
        0.8399383504445646,
        0.8415102913002899,
        0.8418541533624797,
        0.8425050351230535,
        0.8397602790195019,
        0.8363953431252149,
        0.8453357567421526,
        0.844568207496193,
        0.8453296163481849,
        0.8450962813774132,
        0.8462506754433364,
        0.8480129685120598,
        0.8496647344893649,
        0.8476568256619345,
        0.8457778651078253,
        0.8486638502726335,
        0.8491305202141769,
        0.8469015572039102,
        0.8464287468683991,
        0.8455445301370536,
        0.849013852728791,
        0.8499410522179103,
        0.8485287616053446,
        0.848006828118092,
        0.8522928231075306,
        0.8510340423441568,
        0.8518568551358255,
        0.8532507245664882,
        0.8552217910301125,
        0.8517893108021811,
        0.8553998624551751,
        0.8551788082723387,
        0.8552831949697892,
        0.8558665323967186,
        0.8543621358746377,
        0.8564560102176155,
        0.8552586333939185,
        0.8524893157144963,
        0.8517770300142458,
        0.8548472269980842,
        0.8564437294296802,
        0.8563639043081004,
        0.8545954708454094,
        0.857892862406052,
        0.8571314535540601,
        0.8584025151053691,
        0.8572665422213489,
        0.8584147958933045,
        0.8583411111656923,
        0.8586174288942379,
        0.8574323328584762,
        0.8594955052316157,
        0.857358648130864,
        0.8593542761703591
      ],
      "losses": [
        3.809761802527197,
        3.7582255209827236,
        3.689330013233927,
        3.1031807039481953,
        2.4940961460233435,
        2.039004026274316,
        1.5811697262443587,
        1.2821815125600293,
        1.1099315580778366,
        1.0054500916383589,
        0.917951077457027,
        0.8425638636226505,
        0.7987171869146801,
        0.7458264393984452,
        0.7247667696129362,
        0.6862090920535426,
        0.6719195777634507,
        0.6405792895960667,
        0.6263647538856814,
        0.608886090828534,
        0.5997780051821575,
        0.5843052059060698,
        0.574721483854039,
        0.5660019938393052,
        0.5698250859975815,
        0.5491298042603701,
        0.5436315130742453,
        0.5380600805952414,
        0.5307110307258801,
        0.5275302286408037,
        0.5214778599371376,
        0.5127426282654577,
        0.5125065470198517,
        0.5032359309421307,
        0.5003489868462906,
        0.4931900187946256,
        0.49130334012751964,
        0.48974262618831194,
        0.4889016459287969,
        0.48433736704421654,
        0.4793914773141003,
        0.47513254942968924,
        0.4751367443378407,
        0.47103419959662235,
        0.47090683604036193,
        0.46536443169084185,
        0.46730778394138883,
        0.47705159156285004,
        0.46036344635463183,
        0.4612991675880897,
        0.45753579082329754,
        0.4532160825895654,
        0.45263147583644847,
        0.44940411975435285,
        0.44979222938564767,
        0.4480479383983874,
        0.45112420171206496,
        0.4449300312457244,
        0.4447251098856242,
        0.4460692246384143,
        0.4426464207397229,
        0.44778121079817734,
        0.4415599772585867,
        0.4379234246514401,
        0.4414321575804169,
        0.4434512867908815,
        0.43597446285437036,
        0.4370393994280772,
        0.43665328970241174,
        0.4303338999422688,
        0.4299260002925026,
        0.4327489106500547,
        0.42690744748986775,
        0.42729236124657927,
        0.4285427015633386,
        0.42615674201889453,
        0.4281292163260091,
        0.42331608001633103,
        0.424551482876298,
        0.430542122398472,
        0.42937202968859717,
        0.4256957506442585,
        0.4208854805099941,
        0.4219070463260171,
        0.4227769695119914,
        0.4196151729124234,
        0.4195679682235587,
        0.4170679009762869,
        0.41785878729960774,
        0.41513194154896765,
        0.41656041806362465,
        0.4145214971484276,
        0.417208661949939,
        0.41349241938478587,
        0.41658389278502733,
        0.4146790559786008
      ],
      "total_time": 233991.01884508133
    }
  }
}