{
  "system_configuration": {
    "num_devices": 100,
    "num_zones": 10,
    "num_rounds": 200,
    "dataset": "femnist"
  },
  "final_performance": {
    "continuum_fl": {
      "accuracy": 0.39756,
      "loss": 2.500823922169483,
      "total_communication_cost": 200843.12744140625
    }
  },
  "aggregation_statistics": {
    "total_rounds": 200,
    "zone_participation_rates": {
      "zone_0": 1.0,
      "zone_1": 1.0,
      "zone_2": 1.0,
      "zone_3": 1.0,
      "zone_4": 1.0,
      "zone_5": 1.0,
      "zone_6": 1.0,
      "zone_7": 1.0,
      "zone_8": 1.0,
      "zone_9": 1.0
    },
    "average_communication_cost_mb": 1004.2156372070312,
    "spatial_correlations": {
      "average": 0.9999807787719853,
      "maximum": 1.0000074199785898,
      "total_pairs": 55
    },
    "staleness_distribution": {
      "zone_0": 0,
      "zone_1": 0,
      "zone_2": 0,
      "zone_3": 0,
      "zone_4": 0,
      "zone_5": 0,
      "zone_6": 0,
      "zone_7": 0,
      "zone_8": 0,
      "zone_9": 0
    },
    "current_zone_weights": {
      "zone_0": 0.10767478932057273,
      "zone_1": 0.11425827382602743,
      "zone_2": 0.061039796205441865,
      "zone_3": 0.11779791390070626,
      "zone_4": 0.09232270367430266,
      "zone_5": 0.06382936957414306,
      "zone_6": 0.10337549733668282,
      "zone_7": 0.11033422195376852,
      "zone_8": 0.12419754588034213,
      "zone_9": 0.10516988832801244
    }
  },
  "zone_discovery_statistics": {
    "rounds_completed": 1,
    "average_stability": 1.0,
    "total_migrations": 0,
    "migration_history_size": 0
  }
}