{
  "total_rounds": 201,
  "total_training_time": 15364.554593801498,
  "final_accuracy": 0.39756,
  "final_loss": 2.500823922169483,
  "average_round_time": 76.80277755379677,
  "total_communication_cost": 200843.12744140625,
  "device_participation_stats": {
    "device_97": 145,
    "device_57": 139,
    "device_0": 134,
    "device_1": 140,
    "device_92": 148,
    "device_59": 138,
    "device_70": 132,
    "device_26": 140,
    "device_71": 129,
    "device_91": 139,
    "device_51": 153,
    "device_7": 130,
    "device_30": 135,
    "device_45": 136,
    "device_32": 138,
    "device_62": 148,
    "device_84": 135,
    "device_23": 138,
    "device_90": 140,
    "device_9": 135,
    "device_78": 139,
    "device_56": 130,
    "device_77": 135,
    "device_60": 133,
    "device_65": 132,
    "device_46": 128,
    "device_66": 139,
    "device_38": 129,
    "device_27": 133,
    "device_41": 140,
    "device_22": 140,
    "device_4": 121,
    "device_85": 124,
    "device_34": 130,
    "device_50": 123,
    "device_73": 113,
    "device_33": 130,
    "device_95": 141,
    "device_10": 127,
    "device_64": 131,
    "device_67": 144,
    "device_52": 130,
    "device_93": 126,
    "device_99": 134,
    "device_63": 135,
    "device_86": 152,
    "device_35": 118,
    "device_58": 146,
    "device_5": 114,
    "device_68": 139,
    "device_54": 136,
    "device_20": 134,
    "device_18": 120,
    "device_2": 138,
    "device_81": 142,
    "device_82": 117,
    "device_69": 137,
    "device_29": 133,
    "device_96": 122,
    "device_28": 114,
    "device_94": 144,
    "device_31": 144,
    "device_39": 128,
    "device_25": 137,
    "device_6": 133,
    "device_98": 133,
    "device_37": 139,
    "device_79": 133,
    "device_40": 132,
    "device_80": 138,
    "device_14": 127,
    "device_55": 138,
    "device_8": 124,
    "device_13": 104,
    "device_48": 125,
    "device_3": 131,
    "device_42": 131,
    "device_12": 139,
    "device_16": 128,
    "device_49": 129,
    "device_24": 124,
    "device_61": 150,
    "device_89": 122,
    "device_87": 112,
    "device_19": 131,
    "device_21": 135,
    "device_75": 112,
    "device_15": 101,
    "device_11": 135,
    "device_53": 135,
    "device_72": 132,
    "device_17": 140,
    "device_76": 146,
    "device_74": 137,
    "device_36": 137,
    "device_47": 147,
    "device_44": 136,
    "device_88": 120,
    "device_43": 118,
    "device_83": 138
  },
  "convergence_rounds": 190,
  "zone_discovery_stats": {
    "rounds_completed": 1,
    "average_stability": 1.0,
    "total_migrations": 0,
    "migration_history_size": 0
  },
  "aggregation_stats": {
    "total_rounds": 200,
    "zone_participation_rates": {
      "zone_0": 1.0,
      "zone_1": 1.0,
      "zone_2": 1.0,
      "zone_3": 1.0,
      "zone_4": 1.0,
      "zone_5": 1.0,
      "zone_6": 1.0,
      "zone_7": 1.0,
      "zone_8": 1.0,
      "zone_9": 1.0
    },
    "average_communication_cost_mb": 1004.2156372070312,
    "spatial_correlations": {
      "average": 0.9999807787719853,
      "maximum": 1.0000074199785898,
      "total_pairs": 55
    },
    "staleness_distribution": {
      "zone_0": 0,
      "zone_1": 0,
      "zone_2": 0,
      "zone_3": 0,
      "zone_4": 0,
      "zone_5": 0,
      "zone_6": 0,
      "zone_7": 0,
      "zone_8": 0,
      "zone_9": 0
    },
    "current_zone_weights": {
      "zone_0": 0.10767478932057273,
      "zone_1": 0.11425827382602743,
      "zone_2": 0.061039796205441865,
      "zone_3": 0.11779791390070626,
      "zone_4": 0.09232270367430266,
      "zone_5": 0.06382936957414306,
      "zone_6": 0.10337549733668282,
      "zone_7": 0.11033422195376852,
      "zone_8": 0.12419754588034213,
      "zone_9": 0.10516988832801244
    }
  }
}