{
  "total_rounds": 201,
  "total_training_time": 44132.81910824776,
  "final_accuracy": 0.36225176998791225,
  "final_loss": 5.2225198214883966,
  "average_round_time": 220.66243110418318,
  "total_communication_cost": 65301.32080078125,
  "device_participation_stats": {
    "device_81": 143,
    "device_50": 121,
    "device_63": 137,
    "device_35": 119,
    "device_10": 126,
    "device_66": 139,
    "device_31": 140,
    "device_52": 129,
    "device_7": 130,
    "device_2": 137,
    "device_98": 133,
    "device_99": 134,
    "device_96": 121,
    "device_56": 129,
    "device_93": 127,
    "device_94": 145,
    "device_58": 145,
    "device_71": 128,
    "device_51": 151,
    "device_34": 132,
    "device_78": 139,
    "device_57": 138,
    "device_68": 136,
    "device_32": 138,
    "device_67": 143,
    "device_69": 136,
    "device_85": 122,
    "device_26": 137,
    "device_33": 130,
    "device_97": 143,
    "device_65": 131,
    "device_29": 132,
    "device_27": 133,
    "device_70": 132,
    "device_45": 136,
    "device_1": 139,
    "device_5": 115,
    "device_77": 133,
    "device_9": 134,
    "device_39": 128,
    "device_90": 141,
    "device_20": 133,
    "device_64": 132,
    "device_28": 111,
    "device_30": 134,
    "device_41": 139,
    "device_54": 137,
    "device_6": 132,
    "device_46": 126,
    "device_73": 112,
    "device_59": 137,
    "device_91": 136,
    "device_25": 137,
    "device_92": 147,
    "device_62": 147,
    "device_60": 133,
    "device_38": 127,
    "device_22": 139,
    "device_23": 139,
    "device_95": 140,
    "device_86": 151,
    "device_4": 120,
    "device_84": 137,
    "device_82": 114,
    "device_18": 119,
    "device_0": 133,
    "device_3": 130,
    "device_15": 103,
    "device_13": 103,
    "device_16": 129,
    "device_87": 112,
    "device_61": 147,
    "device_42": 131,
    "device_80": 138,
    "device_11": 138,
    "device_75": 112,
    "device_21": 135,
    "device_19": 131,
    "device_79": 134,
    "device_24": 124,
    "device_72": 131,
    "device_14": 125,
    "device_8": 123,
    "device_49": 129,
    "device_12": 141,
    "device_37": 139,
    "device_48": 125,
    "device_55": 137,
    "device_89": 123,
    "device_53": 134,
    "device_40": 131,
    "device_36": 137,
    "device_76": 146,
    "device_74": 136,
    "device_17": 137,
    "device_47": 145,
    "device_88": 120,
    "device_43": 120,
    "device_83": 135,
    "device_44": 135
  },
  "convergence_rounds": 190,
  "zone_discovery_stats": {
    "rounds_completed": 1,
    "average_stability": 1.0,
    "total_migrations": 0,
    "migration_history_size": 0
  },
  "aggregation_stats": {
    "total_rounds": 200,
    "zone_participation_rates": {
      "zone_0": 1.0,
      "zone_1": 1.0,
      "zone_2": 1.0,
      "zone_3": 1.0,
      "zone_4": 1.0,
      "zone_5": 1.0,
      "zone_6": 1.0,
      "zone_7": 1.0,
      "zone_8": 1.0,
      "zone_9": 1.0
    },
    "average_communication_cost_mb": 326.50660400390626,
    "spatial_correlations": {
      "average": 0.9998068630278791,
      "maximum": 0.9999999992944921,
      "total_pairs": 55
    },
    "staleness_distribution": {
      "zone_0": 0,
      "zone_1": 0,
      "zone_2": 0,
      "zone_3": 0,
      "zone_4": 0,
      "zone_5": 0,
      "zone_6": 0,
      "zone_7": 0,
      "zone_8": 0,
      "zone_9": 0
    },
    "current_zone_weights": {
      "zone_0": 0.12243372201919556,
      "zone_1": 0.060774948447942734,
      "zone_2": 0.08667173981666565,
      "zone_3": 0.11570163071155548,
      "zone_4": 0.07062657177448273,
      "zone_5": 0.11774521321058273,
      "zone_6": 0.09556687623262405,
      "zone_7": 0.11175951361656189,
      "zone_8": 0.10509631782770157,
      "zone_9": 0.11362352967262268
    }
  }
}