{
  "total_rounds": 201,
  "total_training_time": 99117.55061793327,
  "final_accuracy": 0.4277,
  "final_loss": 4.709509492301332,
  "average_round_time": 495.5858940696716,
  "total_communication_cost": 1285143.1274414062,
  "device_participation_stats": {
    "device_19": 137,
    "device_99": 133,
    "device_10": 124,
    "device_9": 134,
    "device_64": 130,
    "device_81": 131,
    "device_85": 122,
    "device_46": 126,
    "device_51": 151,
    "device_92": 148,
    "device_4": 122,
    "device_93": 127,
    "device_38": 127,
    "device_32": 138,
    "device_97": 143,
    "device_57": 137,
    "device_6": 133,
    "device_91": 139,
    "device_20": 133,
    "device_68": 125,
    "device_27": 133,
    "device_94": 131,
    "device_84": 120,
    "device_90": 141,
    "device_28": 111,
    "device_77": 111,
    "device_52": 130,
    "device_34": 132,
    "device_7": 130,
    "device_60": 134,
    "device_45": 137,
    "device_71": 115,
    "device_0": 121,
    "device_30": 134,
    "device_22": 136,
    "device_49": 144,
    "device_56": 138,
    "device_95": 130,
    "device_65": 133,
    "device_33": 134,
    "device_2": 128,
    "device_36": 137,
    "device_67": 143,
    "device_78": 139,
    "device_69": 135,
    "device_63": 138,
    "device_31": 143,
    "device_61": 149,
    "device_25": 138,
    "device_39": 128,
    "device_59": 138,
    "device_35": 118,
    "device_73": 112,
    "device_1": 139,
    "device_62": 147,
    "device_5": 115,
    "device_96": 121,
    "device_54": 137,
    "device_66": 137,
    "device_41": 138,
    "device_23": 139,
    "device_98": 133,
    "device_18": 119,
    "device_82": 115,
    "device_50": 122,
    "device_11": 125,
    "device_3": 131,
    "device_37": 139,
    "device_80": 138,
    "device_53": 134,
    "device_14": 125,
    "device_75": 112,
    "device_40": 113,
    "device_79": 102,
    "device_55": 138,
    "device_47": 148,
    "device_87": 112,
    "device_48": 132,
    "device_86": 141,
    "device_16": 129,
    "device_29": 130,
    "device_70": 127,
    "device_44": 132,
    "device_89": 124,
    "device_42": 130,
    "device_24": 124,
    "device_8": 123,
    "device_72": 131,
    "device_15": 103,
    "device_13": 102,
    "device_21": 133,
    "device_58": 132,
    "device_76": 147,
    "device_74": 137,
    "device_17": 138,
    "device_26": 119,
    "device_43": 119,
    "device_88": 119,
    "device_12": 138,
    "device_83": 136
  },
  "convergence_rounds": 190,
  "zone_discovery_stats": {
    "rounds_completed": 1,
    "average_stability": 1.0,
    "total_migrations": 0,
    "migration_history_size": 0
  },
  "aggregation_stats": {
    "total_rounds": 200,
    "zone_participation_rates": {
      "zone_0": 1.0,
      "zone_1": 1.0,
      "zone_2": 1.0,
      "zone_3": 1.0,
      "zone_4": 1.0,
      "zone_5": 1.0,
      "zone_6": 1.0,
      "zone_7": 1.0,
      "zone_8": 1.0,
      "zone_9": 1.0
    },
    "average_communication_cost_mb": 6425.715637207031,
    "spatial_correlations": {
      "average": 0.9988472579856693,
      "maximum": 0.9999999992944921,
      "total_pairs": 55
    },
    "staleness_distribution": {
      "zone_0": 0,
      "zone_1": 0,
      "zone_2": 0,
      "zone_3": 0,
      "zone_4": 0,
      "zone_5": 0,
      "zone_6": 0,
      "zone_7": 0,
      "zone_8": 0,
      "zone_9": 0
    },
    "current_zone_weights": {
      "zone_0": 0.11748483777046204,
      "zone_1": 0.08798257261514664,
      "zone_2": 0.1062735840678215,
      "zone_3": 0.11683004349470139,
      "zone_4": 0.07088262587785721,
      "zone_5": 0.08959498256444931,
      "zone_6": 0.11417070776224136,
      "zone_7": 0.10054387897253036,
      "zone_8": 0.09605227410793304,
      "zone_9": 0.10018444061279297
    }
  }
}