{
  "total_rounds": 90,
  "total_training_time": 261498.9252960682,
  "final_accuracy": 0.547146126360023,
  "final_loss": 1.7719228857858018,
  "average_round_time": 2920.589122611485,
  "total_communication_cost": 64522.6455116272,
  "device_participation_stats": {
    "device_25": 63,
    "device_49": 64,
    "device_93": 55,
    "device_22": 54,
    "device_61": 71,
    "device_0": 53,
    "device_78": 63,
    "device_30": 63,
    "device_64": 60,
    "device_1": 61,
    "device_85": 58,
    "device_45": 62,
    "device_52": 58,
    "device_32": 66,
    "device_20": 62,
    "device_36": 62,
    "device_57": 58,
    "device_39": 61,
    "device_90": 61,
    "device_28": 52,
    "device_81": 55,
    "device_50": 53,
    "device_77": 52,
    "device_96": 53,
    "device_2": 60,
    "device_41": 62,
    "device_82": 51,
    "device_4": 60,
    "device_71": 51,
    "device_18": 56,
    "device_54": 63,
    "device_51": 70,
    "device_94": 57,
    "device_84": 56,
    "device_69": 62,
    "device_99": 59,
    "device_35": 55,
    "device_91": 62,
    "device_5": 51,
    "device_31": 60,
    "device_33": 65,
    "device_23": 58,
    "device_95": 58,
    "device_60": 59,
    "device_19": 67,
    "device_68": 64,
    "device_92": 64,
    "device_7": 64,
    "device_67": 70,
    "device_59": 63,
    "device_63": 59,
    "device_10": 58,
    "device_97": 70,
    "device_6": 64,
    "device_98": 54,
    "device_38": 59,
    "device_56": 59,
    "device_46": 59,
    "device_65": 61,
    "device_73": 52,
    "device_34": 60,
    "device_27": 60,
    "device_62": 65,
    "device_9": 61,
    "device_66": 64,
    "device_58": 60,
    "device_11": 56,
    "device_86": 68,
    "device_75": 45,
    "device_70": 52,
    "device_79": 40,
    "device_40": 45,
    "device_24": 55,
    "device_13": 41,
    "device_3": 53,
    "device_53": 62,
    "device_16": 58,
    "device_72": 50,
    "device_89": 53,
    "device_48": 58,
    "device_42": 52,
    "device_55": 62,
    "device_8": 51,
    "device_14": 54,
    "device_37": 59,
    "device_29": 57,
    "device_15": 40,
    "device_87": 45,
    "device_12": 58,
    "device_80": 60,
    "device_21": 58,
    "device_74": 60,
    "device_44": 63,
    "device_17": 60,
    "device_76": 66,
    "device_47": 66,
    "device_43": 63,
    "device_26": 63,
    "device_88": 63,
    "device_83": 61
  },
  "convergence_rounds": 79,
  "zone_discovery_stats": {
    "rounds_completed": 1,
    "average_stability": 1.0,
    "total_migrations": 0,
    "migration_history_size": 0
  },
  "aggregation_stats": {
    "total_rounds": 89,
    "zone_participation_rates": {
      "zone_0": 1.0,
      "zone_1": 1.0,
      "zone_2": 1.0,
      "zone_3": 1.0,
      "zone_4": 1.0,
      "zone_5": 1.0,
      "zone_6": 1.0,
      "zone_7": 1.0,
      "zone_8": 1.0,
      "zone_9": 1.0
    },
    "average_communication_cost_mb": 724.9735450744629,
    "spatial_correlations": {
      "average": 0.9976959379762913,
      "maximum": 0.9999153585021713,
      "total_pairs": 55
    },
    "staleness_distribution": {
      "zone_0": 0,
      "zone_1": 0,
      "zone_2": 0,
      "zone_3": 0,
      "zone_4": 0,
      "zone_5": 0,
      "zone_6": 0,
      "zone_7": 0,
      "zone_8": 0,
      "zone_9": 0
    },
    "current_zone_weights": {
      "zone_0": 0.06770864874124527,
      "zone_1": 0.09859497100114822,
      "zone_2": 0.11209727078676224,
      "zone_3": 0.09550579637289047,
      "zone_4": 0.11999545246362686,
      "zone_5": 0.09209053963422775,
      "zone_6": 0.11365160346031189,
      "zone_7": 0.1021573543548584,
      "zone_8": 0.08451136201620102,
      "zone_9": 0.11368709057569504
    }
  }
}