{
  "total_rounds": 201,
  "total_training_time": 37662.190089702606,
  "final_accuracy": 0.4216,
  "final_loss": 6.194981810383903,
  "average_round_time": 188.29685606479646,
  "total_communication_cost": 410303.36248779297,
  "device_participation_stats": {
    "device_3": 135,
    "device_5": 137,
    "device_29": 124,
    "device_16": 117,
    "device_0": 131,
    "device_19": 125,
    "device_22": 107,
    "device_10": 136,
    "device_27": 126,
    "device_15": 108,
    "device_4": 138,
    "device_1": 135,
    "device_18": 129,
    "device_20": 130,
    "device_17": 104,
    "device_21": 122,
    "device_6": 135,
    "device_12": 134,
    "device_24": 125,
    "device_7": 127,
    "device_14": 125,
    "device_23": 140,
    "device_26": 97,
    "device_9": 116,
    "device_13": 125,
    "device_11": 126,
    "device_28": 133,
    "device_2": 133,
    "device_25": 131,
    "device_8": 138
  },
  "convergence_rounds": 190,
  "zone_discovery_stats": {
    "rounds_completed": 1,
    "average_stability": 1.0,
    "total_migrations": 0,
    "migration_history_size": 0
  },
  "aggregation_stats": {
    "total_rounds": 200,
    "zone_participation_rates": {
      "zone_0": 1.0,
      "zone_1": 1.0,
      "zone_2": 1.0,
      "zone_3": 1.0,
      "zone_4": 1.0
    },
    "average_communication_cost_mb": 2056.22900390625,
    "spatial_correlations": {
      "average": 0.9971946943393121,
      "maximum": 0.9999999992944921,
      "total_pairs": 15
    },
    "staleness_distribution": {
      "zone_0": 0,
      "zone_1": 0,
      "zone_2": 0,
      "zone_3": 0,
      "zone_4": 0
    },
    "current_zone_weights": {
      "zone_0": 0.28979920584141755,
      "zone_1": 0.01985495089965854,
      "zone_2": 0.01985495089965854,
      "zone_3": 0.3911458810582945,
      "zone_4": 0.27934501130097084
    }
  }
}