{
  "system_configuration": {
    "num_devices": 100,
    "num_zones": 16,
    "num_rounds": 0,
    "dataset": "shakespeare"
  },
  "final_performance": {
    "continuum_fl": {
      "accuracy": 0.0,
      "loss": Infinity,
      "total_communication_cost": 0
    }
  },
  "aggregation_statistics": {},
  "zone_discovery_statistics": {
    "rounds_completed": 1,
    "average_stability": 1.0,
    "total_migrations": 0,
    "migration_history_size": 0
  },
  "baseline_comparison": {
    "ClusterFL": {
      "method": "ClusterFL",
      "final_accuracy": 0.18865677234586406,
      "final_loss": 3.1174688626944755,
      "accuracies": [
        0.18865677234586406,
        0.18865677234586406,
        0.18865677234586406,
        0.18865677234586406,
        0.18865677234586406,
        0.18865677234586406,
        0.18865677234586406,
        0.18865677234586406,
        0.18865677234586406,
        0.18865677234586406,
        0.18865677234586406,
        0.18865677234586406,
        0.18865677234586406,
        0.18865677234586406,
        0.18865677234586406,
        0.18865677234586406,
        0.18865677234586406,
        0.18865677234586406,
        0.18865677234586406,
        0.18865677234586406,
        0.18865677234586406,
        0.18865677234586406,
        0.18865677234586406
      ],
      "losses": [
        3.1247190512096528,
        3.119912536453,
        3.1190798631389076,
        3.118717256393609,
        3.118378251984986,
        3.118244643712052,
        3.1180438008893225,
        3.1179164324610475,
        3.117829488539949,
        3.1177617668411264,
        3.1176834824600625,
        3.117644897529057,
        3.1176253659302913,
        3.117568016052246,
        3.1175967714851054,
        3.1175486670041908,
        3.1175116265869662,
        3.1175565628533333,
        3.11745608959675,
        3.1174432577111615,
        3.1174493616229255,
        3.1173869385707866,
        3.1174688626944755
      ],
      "total_time": 232548.82656359673
    }
  }
}