{
  "total_rounds": 201,
  "total_training_time": 49709.971643447876,
  "final_accuracy": 0.71644,
  "final_loss": 1.1606971742209913,
  "average_round_time": 248.54839822411537,
  "total_communication_cost": 20084.312744140625,
  "device_participation_stats": {
    "device_54": 137,
    "device_22": 140,
    "device_99": 134,
    "device_98": 134,
    "device_33": 130,
    "device_95": 141,
    "device_10": 127,
    "device_56": 130,
    "device_25": 138,
    "device_65": 132,
    "device_39": 128,
    "device_86": 152,
    "device_6": 133,
    "device_20": 134,
    "device_62": 148,
    "device_41": 139,
    "device_52": 130,
    "device_51": 152,
    "device_78": 140,
    "device_67": 144,
    "device_46": 127,
    "device_23": 138,
    "device_30": 136,
    "device_66": 139,
    "device_91": 138,
    "device_31": 142,
    "device_9": 134,
    "device_29": 132,
    "device_34": 132,
    "device_7": 130,
    "device_68": 138,
    "device_69": 137,
    "device_90": 141,
    "device_63": 139,
    "device_94": 146,
    "device_2": 138,
    "device_64": 132,
    "device_45": 136,
    "device_58": 143,
    "device_81": 144,
    "device_93": 127,
    "device_85": 123,
    "device_73": 112,
    "device_4": 121,
    "device_57": 138,
    "device_38": 127,
    "device_27": 134,
    "device_35": 119,
    "device_60": 134,
    "device_59": 138,
    "device_5": 115,
    "device_32": 139,
    "device_26": 138,
    "device_1": 139,
    "device_96": 122,
    "device_50": 122,
    "device_92": 148,
    "device_71": 128,
    "device_97": 144,
    "device_84": 137,
    "device_28": 112,
    "device_18": 119,
    "device_70": 133,
    "device_82": 115,
    "device_0": 134,
    "device_77": 134,
    "device_48": 125,
    "device_3": 131,
    "device_53": 134,
    "device_72": 132,
    "device_49": 129,
    "device_14": 125,
    "device_55": 138,
    "device_16": 129,
    "device_42": 131,
    "device_12": 140,
    "device_21": 132,
    "device_24": 124,
    "device_11": 138,
    "device_61": 152,
    "device_87": 113,
    "device_19": 128,
    "device_37": 140,
    "device_8": 124,
    "device_89": 123,
    "device_80": 138,
    "device_13": 103,
    "device_79": 134,
    "device_40": 132,
    "device_15": 103,
    "device_75": 113,
    "device_36": 137,
    "device_74": 137,
    "device_47": 147,
    "device_17": 138,
    "device_76": 147,
    "device_43": 120,
    "device_88": 120,
    "device_83": 136,
    "device_44": 136
  },
  "convergence_rounds": 190,
  "zone_discovery_stats": {
    "rounds_completed": 1,
    "average_stability": 1.0,
    "total_migrations": 0,
    "migration_history_size": 0
  },
  "aggregation_stats": {
    "total_rounds": 200,
    "zone_participation_rates": {
      "zone_0": 1.0,
      "zone_1": 1.0,
      "zone_2": 1.0,
      "zone_3": 1.0,
      "zone_4": 1.0,
      "zone_5": 1.0,
      "zone_6": 1.0,
      "zone_7": 1.0,
      "zone_8": 1.0,
      "zone_9": 1.0
    },
    "average_communication_cost_mb": 100.42156372070312,
    "spatial_correlations": {
      "average": 0.9998708265674441,
      "maximum": 1.000008093390246,
      "total_pairs": 55
    },
    "staleness_distribution": {
      "zone_0": 0,
      "zone_1": 0,
      "zone_2": 0,
      "zone_3": 0,
      "zone_4": 0,
      "zone_5": 0,
      "zone_6": 0,
      "zone_7": 0,
      "zone_8": 0,
      "zone_9": 0
    },
    "current_zone_weights": {
      "zone_0": 0.11133109778165817,
      "zone_1": 0.10994573682546616,
      "zone_2": 0.11749506741762161,
      "zone_3": 0.07376009225845337,
      "zone_4": 0.10099033266305923,
      "zone_5": 0.11773805320262909,
      "zone_6": 0.0896078497171402,
      "zone_7": 0.11716249585151672,
      "zone_8": 0.06126735731959343,
      "zone_9": 0.1007019430398941
    }
  }
}