{
  "system_configuration": {
    "num_devices": 100,
    "num_zones": 10,
    "num_rounds": 200,
    "dataset": "shakespeare"
  },
  "final_performance": {
    "continuum_fl": {
      "accuracy": 0.3643239509583837,
      "loss": 4.972361860749471,
      "total_communication_cost": 161105.23223876953
    }
  },
  "aggregation_statistics": {
    "total_rounds": 200,
    "zone_participation_rates": {
      "zone_0": 1.0,
      "zone_1": 1.0,
      "zone_2": 1.0,
      "zone_3": 1.0,
      "zone_4": 1.0,
      "zone_5": 1.0,
      "zone_6": 1.0,
      "zone_7": 1.0,
      "zone_8": 1.0,
      "zone_9": 1.0
    },
    "average_communication_cost_mb": 805.5261611938477,
    "spatial_correlations": {
      "average": 0.9998254130469704,
      "maximum": 0.9999999992944921,
      "total_pairs": 55
    },
    "staleness_distribution": {
      "zone_0": 0,
      "zone_1": 0,
      "zone_2": 0,
      "zone_3": 0,
      "zone_4": 0,
      "zone_5": 0,
      "zone_6": 0,
      "zone_7": 0,
      "zone_8": 0,
      "zone_9": 0
    },
    "current_zone_weights": {
      "zone_0": 0.12244847729157897,
      "zone_1": 0.061150509068721604,
      "zone_2": 0.08694960105204808,
      "zone_3": 0.11530412216890806,
      "zone_4": 0.07061018147150178,
      "zone_5": 0.11755778615499403,
      "zone_6": 0.09538100262579387,
      "zone_7": 0.11188881977443332,
      "zone_8": 0.10508841219417783,
      "zone_9": 0.11362108819784243
    }
  },
  "zone_discovery_statistics": {
    "rounds_completed": 1,
    "average_stability": 1.0,
    "total_migrations": 0,
    "migration_history_size": 0
  }
}