{
  "total_rounds": 201,
  "total_training_time": 32219.16476535797,
  "final_accuracy": 0.3643239509583837,
  "final_loss": 4.972361860749471,
  "average_round_time": 161.04398759126664,
  "total_communication_cost": 161105.23223876953,
  "device_participation_stats": {
    "device_81": 128,
    "device_68": 128,
    "device_45": 135,
    "device_51": 150,
    "device_59": 136,
    "device_1": 138,
    "device_30": 136,
    "device_73": 112,
    "device_32": 139,
    "device_61": 150,
    "device_20": 135,
    "device_82": 115,
    "device_99": 133,
    "device_19": 138,
    "device_34": 132,
    "device_84": 115,
    "device_94": 128,
    "device_38": 127,
    "device_39": 130,
    "device_10": 121,
    "device_92": 148,
    "device_93": 129,
    "device_90": 139,
    "device_33": 134,
    "device_36": 135,
    "device_60": 133,
    "device_52": 129,
    "device_98": 131,
    "device_97": 144,
    "device_65": 131,
    "device_62": 146,
    "device_78": 139,
    "device_18": 119,
    "device_85": 122,
    "device_49": 143,
    "device_46": 125,
    "device_56": 138,
    "device_41": 139,
    "device_23": 137,
    "device_64": 131,
    "device_7": 131,
    "device_4": 118,
    "device_57": 138,
    "device_27": 132,
    "device_2": 133,
    "device_66": 139,
    "device_69": 133,
    "device_6": 134,
    "device_67": 143,
    "device_25": 136,
    "device_22": 136,
    "device_28": 111,
    "device_5": 116,
    "device_63": 138,
    "device_0": 123,
    "device_95": 130,
    "device_96": 121,
    "device_91": 136,
    "device_31": 138,
    "device_50": 120,
    "device_35": 119,
    "device_9": 135,
    "device_71": 113,
    "device_54": 137,
    "device_77": 114,
    "device_12": 140,
    "device_89": 125,
    "device_13": 103,
    "device_37": 137,
    "device_15": 103,
    "device_80": 139,
    "device_3": 130,
    "device_87": 112,
    "device_79": 104,
    "device_53": 132,
    "device_11": 126,
    "device_16": 130,
    "device_48": 133,
    "device_58": 132,
    "device_24": 121,
    "device_55": 138,
    "device_14": 124,
    "device_40": 112,
    "device_8": 125,
    "device_29": 128,
    "device_75": 112,
    "device_70": 128,
    "device_72": 130,
    "device_42": 130,
    "device_86": 139,
    "device_21": 133,
    "device_47": 146,
    "device_76": 146,
    "device_44": 136,
    "device_74": 136,
    "device_17": 138,
    "device_26": 119,
    "device_88": 119,
    "device_43": 119,
    "device_83": 135
  },
  "convergence_rounds": 190,
  "zone_discovery_stats": {
    "rounds_completed": 1,
    "average_stability": 1.0,
    "total_migrations": 0,
    "migration_history_size": 0
  },
  "aggregation_stats": {
    "total_rounds": 200,
    "zone_participation_rates": {
      "zone_0": 1.0,
      "zone_1": 1.0,
      "zone_2": 1.0,
      "zone_3": 1.0,
      "zone_4": 1.0,
      "zone_5": 1.0,
      "zone_6": 1.0,
      "zone_7": 1.0,
      "zone_8": 1.0,
      "zone_9": 1.0
    },
    "average_communication_cost_mb": 805.5261611938477,
    "spatial_correlations": {
      "average": 0.9998254130469704,
      "maximum": 0.9999999992944921,
      "total_pairs": 55
    },
    "staleness_distribution": {
      "zone_0": 0,
      "zone_1": 0,
      "zone_2": 0,
      "zone_3": 0,
      "zone_4": 0,
      "zone_5": 0,
      "zone_6": 0,
      "zone_7": 0,
      "zone_8": 0,
      "zone_9": 0
    },
    "current_zone_weights": {
      "zone_0": 0.12244847729157897,
      "zone_1": 0.061150509068721604,
      "zone_2": 0.08694960105204808,
      "zone_3": 0.11530412216890806,
      "zone_4": 0.07061018147150178,
      "zone_5": 0.11755778615499403,
      "zone_6": 0.09538100262579387,
      "zone_7": 0.11188881977443332,
      "zone_8": 0.10508841219417783,
      "zone_9": 0.11362108819784243
    }
  }
}