{
  "total_rounds": 201,
  "total_training_time": 95635.99421048164,
  "final_accuracy": 0.332,
  "final_loss": 3.2207863974495057,
  "average_round_time": 478.1775605809689,
  "total_communication_cost": 1285143.1274414062,
  "device_participation_stats": {
    "device_19": 138,
    "device_56": 138,
    "device_65": 132,
    "device_10": 124,
    "device_99": 133,
    "device_49": 143,
    "device_33": 134,
    "device_66": 139,
    "device_32": 139,
    "device_91": 137,
    "device_52": 130,
    "device_23": 138,
    "device_67": 143,
    "device_9": 134,
    "device_85": 122,
    "device_78": 140,
    "device_27": 130,
    "device_92": 147,
    "device_94": 130,
    "device_36": 138,
    "device_51": 152,
    "device_20": 134,
    "device_25": 138,
    "device_64": 132,
    "device_41": 139,
    "device_35": 119,
    "device_5": 114,
    "device_22": 136,
    "device_81": 130,
    "device_38": 125,
    "device_0": 121,
    "device_95": 130,
    "device_28": 111,
    "device_71": 114,
    "device_98": 134,
    "device_96": 121,
    "device_84": 120,
    "device_82": 115,
    "device_62": 148,
    "device_4": 122,
    "device_1": 138,
    "device_68": 130,
    "device_6": 132,
    "device_7": 130,
    "device_90": 140,
    "device_97": 143,
    "device_60": 133,
    "device_46": 126,
    "device_57": 139,
    "device_59": 137,
    "device_34": 131,
    "device_45": 137,
    "device_30": 136,
    "device_61": 149,
    "device_63": 139,
    "device_31": 140,
    "device_93": 129,
    "device_2": 127,
    "device_69": 132,
    "device_39": 128,
    "device_73": 111,
    "device_54": 137,
    "device_18": 119,
    "device_50": 122,
    "device_77": 110,
    "device_86": 141,
    "device_3": 130,
    "device_11": 126,
    "device_16": 129,
    "device_70": 132,
    "device_55": 138,
    "device_24": 123,
    "device_53": 134,
    "device_87": 111,
    "device_72": 131,
    "device_37": 139,
    "device_15": 103,
    "device_48": 132,
    "device_58": 127,
    "device_79": 104,
    "device_40": 112,
    "device_12": 141,
    "device_42": 130,
    "device_14": 125,
    "device_8": 123,
    "device_80": 139,
    "device_89": 124,
    "device_29": 128,
    "device_75": 112,
    "device_13": 102,
    "device_21": 134,
    "device_47": 147,
    "device_74": 137,
    "device_17": 139,
    "device_76": 144,
    "device_44": 138,
    "device_43": 119,
    "device_26": 119,
    "device_88": 121,
    "device_83": 136
  },
  "convergence_rounds": 190,
  "zone_discovery_stats": {
    "rounds_completed": 1,
    "average_stability": 1.0,
    "total_migrations": 0,
    "migration_history_size": 0
  },
  "aggregation_stats": {
    "total_rounds": 200,
    "zone_participation_rates": {
      "zone_0": 1.0,
      "zone_1": 1.0,
      "zone_2": 1.0,
      "zone_3": 1.0,
      "zone_4": 1.0,
      "zone_5": 1.0,
      "zone_6": 1.0,
      "zone_7": 1.0,
      "zone_8": 1.0,
      "zone_9": 1.0
    },
    "average_communication_cost_mb": 6425.715637207031,
    "spatial_correlations": {
      "average": 0.9918974359612557,
      "maximum": 1.007485393072452,
      "total_pairs": 55
    },
    "staleness_distribution": {
      "zone_0": 0,
      "zone_1": 0,
      "zone_2": 0,
      "zone_3": 0,
      "zone_4": 0,
      "zone_5": 0,
      "zone_6": 0,
      "zone_7": 0,
      "zone_8": 0,
      "zone_9": 0
    },
    "current_zone_weights": {
      "zone_0": 0.10556623339653015,
      "zone_1": 0.10722119361162186,
      "zone_2": 0.09027595818042755,
      "zone_3": 0.09354474395513535,
      "zone_4": 0.10204684734344482,
      "zone_5": 0.10778918862342834,
      "zone_6": 0.08876078575849533,
      "zone_7": 0.10204065591096878,
      "zone_8": 0.10285681486129761,
      "zone_9": 0.09989757835865021
    }
  }
}