{
  "total_rounds": 201,
  "total_training_time": 47716.93602061272,
  "final_accuracy": 0.5136,
  "final_loss": 3.2369784120553597,
  "average_round_time": 238.5553951692581,
  "total_communication_cost": 1353684.0942382812,
  "device_participation_stats": {
    "device_32": 135,
    "device_8": 133,
    "device_1": 130,
    "device_80": 135,
    "device_81": 133,
    "device_92": 138,
    "device_66": 134,
    "device_59": 137,
    "device_62": 139,
    "device_55": 134,
    "device_22": 135,
    "device_63": 138,
    "device_91": 136,
    "device_60": 138,
    "device_4": 133,
    "device_98": 131,
    "device_20": 121,
    "device_89": 134,
    "device_73": 112,
    "device_39": 127,
    "device_83": 125,
    "device_5": 114,
    "device_35": 119,
    "device_10": 99,
    "device_2": 138,
    "device_64": 130,
    "device_31": 125,
    "device_99": 122,
    "device_77": 120,
    "device_0": 125,
    "device_43": 101,
    "device_42": 120,
    "device_28": 103,
    "device_97": 130,
    "device_36": 128,
    "device_26": 99,
    "device_7": 117,
    "device_41": 132,
    "device_25": 122,
    "device_61": 132,
    "device_50": 120,
    "device_45": 134,
    "device_52": 127,
    "device_68": 133,
    "device_17": 129,
    "device_58": 137,
    "device_12": 128,
    "device_70": 126,
    "device_93": 135,
    "device_56": 137,
    "device_67": 133,
    "device_65": 133,
    "device_33": 132,
    "device_95": 136,
    "device_69": 128,
    "device_18": 135,
    "device_79": 103,
    "device_14": 104,
    "device_51": 137,
    "device_90": 135,
    "device_19": 138,
    "device_82": 137,
    "device_11": 136,
    "device_46": 134,
    "device_86": 134,
    "device_57": 135,
    "device_15": 128,
    "device_21": 126,
    "device_23": 134,
    "device_85": 131,
    "device_71": 132,
    "device_54": 118,
    "device_29": 138,
    "device_47": 130,
    "device_44": 118,
    "device_27": 136,
    "device_53": 127,
    "device_37": 129,
    "device_13": 104,
    "device_75": 98,
    "device_48": 131,
    "device_87": 112,
    "device_84": 100,
    "device_3": 127,
    "device_9": 122,
    "device_34": 97,
    "device_78": 128,
    "device_16": 114,
    "device_38": 132,
    "device_94": 134,
    "device_96": 99,
    "device_6": 131,
    "device_74": 100,
    "device_40": 98,
    "device_88": 119,
    "device_72": 136,
    "device_30": 136,
    "device_49": 136,
    "device_76": 134,
    "device_24": 132
  },
  "convergence_rounds": 190,
  "zone_discovery_stats": {
    "rounds_completed": 1,
    "average_stability": 1.0,
    "total_migrations": 0,
    "migration_history_size": 0
  },
  "aggregation_stats": {
    "total_rounds": 200,
    "zone_participation_rates": {
      "zone_0": 1.0,
      "zone_1": 1.0,
      "zone_2": 1.0,
      "zone_3": 1.0,
      "zone_4": 1.0,
      "zone_5": 1.0,
      "zone_6": 1.0,
      "zone_7": 1.0,
      "zone_8": 1.0,
      "zone_9": 1.0,
      "zone_10": 1.0,
      "zone_11": 1.0,
      "zone_12": 1.0,
      "zone_13": 1.0,
      "zone_14": 1.0,
      "zone_15": 1.0
    },
    "average_communication_cost_mb": 6768.420471191406,
    "spatial_correlations": {
      "average": 0.9972601508244812,
      "maximum": 0.9999999992944921,
      "total_pairs": 136
    },
    "staleness_distribution": {
      "zone_0": 0,
      "zone_1": 0,
      "zone_2": 0,
      "zone_3": 0,
      "zone_4": 0,
      "zone_5": 0,
      "zone_6": 0,
      "zone_7": 0,
      "zone_8": 0,
      "zone_9": 0,
      "zone_10": 0,
      "zone_11": 0,
      "zone_12": 0,
      "zone_13": 0,
      "zone_14": 0,
      "zone_15": 0
    },
    "current_zone_weights": {
      "zone_0": 0.06970901913612115,
      "zone_1": 0.06551256351838984,
      "zone_2": 0.06515325235985224,
      "zone_3": 0.05930333348267867,
      "zone_4": 0.04906451924871509,
      "zone_5": 0.05893575795617839,
      "zone_6": 0.05089860427050781,
      "zone_7": 0.05818735854934455,
      "zone_8": 0.060652635526621014,
      "zone_9": 0.055674249615021265,
      "zone_10": 0.07133398070553279,
      "zone_11": 0.061678467897105765,
      "zone_12": 0.0703324676012879,
      "zone_13": 0.06827720770772265,
      "zone_14": 0.06409631463318642,
      "zone_15": 0.07119026779173454
    }
  }
}