{
  "total_rounds": 89,
  "total_training_time": 261431.2924015522,
  "final_accuracy": 0.5543313303802042,
  "final_loss": 1.6337966260693169,
  "average_round_time": 2940.043489816514,
  "total_communication_cost": 42531.78131103516,
  "device_participation_stats": {
    "device_36": 61,
    "device_90": 60,
    "device_64": 57,
    "device_46": 59,
    "device_38": 55,
    "device_1": 62,
    "device_97": 71,
    "device_25": 62,
    "device_45": 60,
    "device_65": 60,
    "device_77": 53,
    "device_39": 60,
    "device_49": 64,
    "device_35": 55,
    "device_22": 53,
    "device_96": 52,
    "device_95": 59,
    "device_54": 62,
    "device_60": 60,
    "device_10": 58,
    "device_34": 59,
    "device_9": 60,
    "device_67": 70,
    "device_19": 65,
    "device_99": 60,
    "device_59": 60,
    "device_81": 62,
    "device_68": 64,
    "device_98": 53,
    "device_56": 59,
    "device_6": 63,
    "device_71": 50,
    "device_63": 57,
    "device_27": 61,
    "device_23": 58,
    "device_91": 60,
    "device_2": 58,
    "device_93": 54,
    "device_51": 70,
    "device_57": 58,
    "device_61": 71,
    "device_85": 57,
    "device_66": 63,
    "device_41": 61,
    "device_69": 58,
    "device_82": 50,
    "device_84": 56,
    "device_30": 63,
    "device_20": 61,
    "device_33": 62,
    "device_31": 64,
    "device_0": 51,
    "device_94": 58,
    "device_7": 63,
    "device_62": 63,
    "device_92": 64,
    "device_4": 59,
    "device_78": 62,
    "device_18": 53,
    "device_50": 51,
    "device_28": 51,
    "device_52": 57,
    "device_73": 52,
    "device_5": 50,
    "device_32": 62,
    "device_3": 52,
    "device_86": 67,
    "device_42": 52,
    "device_8": 52,
    "device_14": 53,
    "device_24": 56,
    "device_12": 58,
    "device_53": 62,
    "device_58": 58,
    "device_70": 51,
    "device_75": 45,
    "device_11": 55,
    "device_55": 61,
    "device_13": 40,
    "device_16": 58,
    "device_79": 37,
    "device_89": 54,
    "device_15": 42,
    "device_72": 50,
    "device_40": 45,
    "device_87": 45,
    "device_29": 54,
    "device_48": 58,
    "device_80": 62,
    "device_37": 58,
    "device_21": 57,
    "device_47": 66,
    "device_17": 58,
    "device_44": 57,
    "device_76": 66,
    "device_74": 59,
    "device_43": 63,
    "device_26": 64,
    "device_88": 63,
    "device_83": 61
  },
  "convergence_rounds": 78,
  "zone_discovery_stats": {
    "rounds_completed": 1,
    "average_stability": 1.0,
    "total_migrations": 0,
    "migration_history_size": 0
  },
  "aggregation_stats": {
    "total_rounds": 88,
    "zone_participation_rates": {
      "zone_0": 1.0,
      "zone_1": 1.0,
      "zone_2": 1.0,
      "zone_3": 1.0,
      "zone_4": 1.0,
      "zone_5": 1.0,
      "zone_6": 1.0,
      "zone_7": 1.0,
      "zone_8": 1.0,
      "zone_9": 1.0
    },
    "average_communication_cost_mb": 483.3156967163087,
    "spatial_correlations": {
      "average": 0.9986731489473822,
      "maximum": 0.9999059538913014,
      "total_pairs": 55
    },
    "staleness_distribution": {
      "zone_0": 0,
      "zone_1": 0,
      "zone_2": 0,
      "zone_3": 0,
      "zone_4": 0,
      "zone_5": 0,
      "zone_6": 0,
      "zone_7": 0,
      "zone_8": 0,
      "zone_9": 0
    },
    "current_zone_weights": {
      "zone_0": 0.0675072893500328,
      "zone_1": 0.09562167525291443,
      "zone_2": 0.11512013524770737,
      "zone_3": 0.09059667587280273,
      "zone_4": 0.12051455676555634,
      "zone_5": 0.09017519652843475,
      "zone_6": 0.1166691854596138,
      "zone_7": 0.10074786841869354,
      "zone_8": 0.08746793866157532,
      "zone_9": 0.1155795007944107
    }
  }
}