{
  "system_configuration": {
    "num_devices": 30,
    "num_zones": 5,
    "num_rounds": 200,
    "dataset": "cifar100"
  },
  "final_performance": {
    "continuum_fl": {
      "accuracy": 0.4703,
      "loss": 4.723051099731518,
      "total_communication_cost": 163435.93532714844
    }
  },
  "aggregation_statistics": {
    "total_rounds": 200,
    "zone_participation_rates": {
      "zone_0": 1.0,
      "zone_1": 1.0,
      "zone_2": 1.0,
      "zone_3": 1.0,
      "zone_4": 1.0
    },
    "average_communication_cost_mb": 822.4916015625,
    "spatial_correlations": {
      "average": 0.9961951757072102,
      "maximum": 0.9999999992944921,
      "total_pairs": 15
    },
    "staleness_distribution": {
      "zone_0": 0,
      "zone_1": 0,
      "zone_2": 0,
      "zone_3": 0,
      "zone_4": 0
    },
    "current_zone_weights": {
      "zone_0": 0.05744823373058216,
      "zone_1": 0.3243225162997833,
      "zone_2": 0.05744823373058216,
      "zone_3": 0.05744823373058216,
      "zone_4": 0.5033327825084705
    }
  },
  "zone_discovery_statistics": {
    "rounds_completed": 1,
    "average_stability": 1.0,
    "total_migrations": 0,
    "migration_history_size": 0
  }
}