{
  "total_rounds": 201,
  "total_training_time": 37538.17624783516,
  "final_accuracy": 0.4703,
  "final_loss": 4.723051099731518,
  "average_round_time": 187.67636065125464,
  "total_communication_cost": 163435.93532714844,
  "device_participation_stats": {
    "device_29": 126,
    "device_20": 131,
    "device_19": 126,
    "device_16": 110,
    "device_27": 121,
    "device_18": 123,
    "device_10": 130,
    "device_3": 135,
    "device_15": 127,
    "device_17": 125,
    "device_0": 130,
    "device_21": 118,
    "device_5": 135,
    "device_4": 137,
    "device_1": 133,
    "device_22": 114,
    "device_12": 121,
    "device_6": 126,
    "device_24": 123,
    "device_14": 123,
    "device_23": 138,
    "device_9": 118,
    "device_7": 116,
    "device_26": 119,
    "device_13": 112,
    "device_11": 127,
    "device_28": 135,
    "device_2": 126,
    "device_8": 138,
    "device_25": 126
  },
  "convergence_rounds": 190,
  "zone_discovery_stats": {
    "rounds_completed": 1,
    "average_stability": 1.0,
    "total_migrations": 0,
    "migration_history_size": 0
  },
  "aggregation_stats": {
    "total_rounds": 200,
    "zone_participation_rates": {
      "zone_0": 1.0,
      "zone_1": 1.0,
      "zone_2": 1.0,
      "zone_3": 1.0,
      "zone_4": 1.0
    },
    "average_communication_cost_mb": 822.4916015625,
    "spatial_correlations": {
      "average": 0.9961951757072102,
      "maximum": 0.9999999992944921,
      "total_pairs": 15
    },
    "staleness_distribution": {
      "zone_0": 0,
      "zone_1": 0,
      "zone_2": 0,
      "zone_3": 0,
      "zone_4": 0
    },
    "current_zone_weights": {
      "zone_0": 0.05744823373058216,
      "zone_1": 0.3243225162997833,
      "zone_2": 0.05744823373058216,
      "zone_3": 0.05744823373058216,
      "zone_4": 0.5033327825084705
    }
  }
}