{
  "total_rounds": 201,
  "total_training_time": 98262.06792449951,
  "final_accuracy": 0.4562,
  "final_loss": 2.9986804407625534,
  "average_round_time": 491.30840760946273,
  "total_communication_cost": 1285143.1274414062,
  "device_participation_stats": {
    "device_34": 134,
    "device_46": 128,
    "device_90": 133,
    "device_32": 138,
    "device_52": 145,
    "device_78": 139,
    "device_31": 139,
    "device_64": 132,
    "device_33": 134,
    "device_60": 133,
    "device_92": 147,
    "device_22": 136,
    "device_9": 132,
    "device_7": 130,
    "device_69": 132,
    "device_57": 138,
    "device_49": 144,
    "device_54": 136,
    "device_45": 136,
    "device_56": 137,
    "device_19": 139,
    "device_98": 135,
    "device_36": 136,
    "device_85": 123,
    "device_23": 138,
    "device_81": 129,
    "device_61": 147,
    "device_93": 127,
    "device_39": 128,
    "device_41": 140,
    "device_62": 148,
    "device_91": 136,
    "device_82": 115,
    "device_18": 119,
    "device_2": 137,
    "device_27": 134,
    "device_99": 133,
    "device_97": 143,
    "device_51": 145,
    "device_65": 132,
    "device_63": 140,
    "device_35": 120,
    "device_67": 144,
    "device_38": 127,
    "device_30": 135,
    "device_10": 121,
    "device_95": 129,
    "device_68": 129,
    "device_96": 121,
    "device_1": 139,
    "device_94": 129,
    "device_84": 119,
    "device_59": 137,
    "device_20": 132,
    "device_50": 120,
    "device_28": 111,
    "device_4": 120,
    "device_25": 136,
    "device_77": 110,
    "device_0": 122,
    "device_71": 116,
    "device_66": 138,
    "device_5": 115,
    "device_73": 112,
    "device_6": 133,
    "device_8": 124,
    "device_86": 143,
    "device_58": 130,
    "device_3": 132,
    "device_70": 131,
    "device_37": 140,
    "device_48": 131,
    "device_24": 124,
    "device_80": 138,
    "device_16": 129,
    "device_75": 113,
    "device_11": 126,
    "device_40": 113,
    "device_29": 124,
    "device_14": 124,
    "device_42": 130,
    "device_87": 112,
    "device_15": 103,
    "device_13": 103,
    "device_72": 134,
    "device_89": 123,
    "device_79": 102,
    "device_55": 137,
    "device_53": 134,
    "device_12": 139,
    "device_21": 134,
    "device_74": 136,
    "device_17": 137,
    "device_44": 138,
    "device_47": 146,
    "device_76": 146,
    "device_43": 119,
    "device_26": 118,
    "device_88": 118,
    "device_83": 134
  },
  "convergence_rounds": 190,
  "zone_discovery_stats": {
    "rounds_completed": 1,
    "average_stability": 1.0,
    "total_migrations": 0,
    "migration_history_size": 0
  },
  "aggregation_stats": {
    "total_rounds": 200,
    "zone_participation_rates": {
      "zone_0": 1.0,
      "zone_1": 1.0,
      "zone_2": 1.0,
      "zone_3": 1.0,
      "zone_4": 1.0,
      "zone_5": 1.0,
      "zone_6": 1.0,
      "zone_7": 1.0,
      "zone_8": 1.0,
      "zone_9": 1.0
    },
    "average_communication_cost_mb": 6425.715637207031,
    "spatial_correlations": {
      "average": 0.9943419297624982,
      "maximum": 0.9999999992944921,
      "total_pairs": 55
    },
    "staleness_distribution": {
      "zone_0": 0,
      "zone_1": 0,
      "zone_2": 0,
      "zone_3": 0,
      "zone_4": 0,
      "zone_5": 0,
      "zone_6": 0,
      "zone_7": 0,
      "zone_8": 0,
      "zone_9": 0
    },
    "current_zone_weights": {
      "zone_0": 0.1504278928041458,
      "zone_1": 0.1458260416984558,
      "zone_2": 0.15371082723140717,
      "zone_3": 0.15205228328704834,
      "zone_4": 0.030915575101971626,
      "zone_5": 0.09733511507511139,
      "zone_6": 0.14422696828842163,
      "zone_7": 0.013663260266184807,
      "zone_8": 0.09817885607481003,
      "zone_9": 0.013663260266184807
    }
  }
}