{
  "total_rounds": 201,
  "total_training_time": 45865.036457538605,
  "final_accuracy": 0.36974615783111725,
  "final_loss": 4.9738791904396775,
  "average_round_time": 229.3238244843483,
  "total_communication_cost": 146927.9718017578,
  "device_participation_stats": {
    "device_85": 122,
    "device_7": 130,
    "device_95": 140,
    "device_33": 130,
    "device_34": 131,
    "device_68": 140,
    "device_35": 119,
    "device_58": 146,
    "device_52": 129,
    "device_86": 151,
    "device_46": 126,
    "device_98": 133,
    "device_57": 137,
    "device_91": 138,
    "device_32": 140,
    "device_99": 134,
    "device_92": 146,
    "device_18": 119,
    "device_56": 129,
    "device_2": 139,
    "device_63": 138,
    "device_30": 135,
    "device_94": 142,
    "device_81": 141,
    "device_31": 136,
    "device_96": 122,
    "device_78": 139,
    "device_29": 131,
    "device_84": 138,
    "device_60": 133,
    "device_70": 132,
    "device_69": 135,
    "device_41": 139,
    "device_5": 115,
    "device_25": 137,
    "device_28": 112,
    "device_93": 127,
    "device_73": 111,
    "device_27": 134,
    "device_4": 120,
    "device_77": 134,
    "device_0": 133,
    "device_10": 126,
    "device_62": 147,
    "device_6": 132,
    "device_54": 137,
    "device_38": 127,
    "device_97": 144,
    "device_66": 138,
    "device_51": 151,
    "device_26": 136,
    "device_23": 138,
    "device_45": 136,
    "device_59": 138,
    "device_90": 140,
    "device_67": 143,
    "device_1": 139,
    "device_50": 121,
    "device_9": 134,
    "device_22": 139,
    "device_64": 131,
    "device_39": 128,
    "device_65": 131,
    "device_20": 133,
    "device_71": 128,
    "device_82": 115,
    "device_75": 112,
    "device_79": 135,
    "device_8": 123,
    "device_19": 132,
    "device_55": 138,
    "device_21": 137,
    "device_42": 130,
    "device_89": 123,
    "device_24": 124,
    "device_11": 138,
    "device_53": 134,
    "device_61": 147,
    "device_48": 125,
    "device_13": 103,
    "device_3": 130,
    "device_12": 139,
    "device_49": 129,
    "device_72": 131,
    "device_14": 125,
    "device_80": 136,
    "device_87": 112,
    "device_37": 139,
    "device_16": 129,
    "device_40": 130,
    "device_15": 103,
    "device_76": 146,
    "device_47": 146,
    "device_17": 137,
    "device_74": 136,
    "device_36": 136,
    "device_88": 120,
    "device_43": 119,
    "device_44": 134,
    "device_83": 135
  },
  "convergence_rounds": 190,
  "zone_discovery_stats": {
    "rounds_completed": 1,
    "average_stability": 1.0,
    "total_migrations": 0,
    "migration_history_size": 0
  },
  "aggregation_stats": {
    "total_rounds": 200,
    "zone_participation_rates": {
      "zone_0": 1.0,
      "zone_1": 1.0,
      "zone_2": 1.0,
      "zone_3": 1.0,
      "zone_4": 1.0,
      "zone_5": 1.0,
      "zone_6": 1.0,
      "zone_7": 1.0,
      "zone_8": 1.0,
      "zone_9": 1.0
    },
    "average_communication_cost_mb": 734.6398590087891,
    "spatial_correlations": {
      "average": 0.9998345202232519,
      "maximum": 0.9999999992944921,
      "total_pairs": 55
    },
    "staleness_distribution": {
      "zone_0": 0,
      "zone_1": 0,
      "zone_2": 0,
      "zone_3": 0,
      "zone_4": 0,
      "zone_5": 0,
      "zone_6": 0,
      "zone_7": 0,
      "zone_8": 0,
      "zone_9": 0
    },
    "current_zone_weights": {
      "zone_0": 0.12243577837944031,
      "zone_1": 0.06077495217323303,
      "zone_2": 0.08667159080505371,
      "zone_3": 0.11570064723491669,
      "zone_4": 0.0706261619925499,
      "zone_5": 0.11774244159460068,
      "zone_6": 0.09556721895933151,
      "zone_7": 0.11175955832004547,
      "zone_8": 0.10509665310382843,
      "zone_9": 0.11362505704164505
    }
  }
}