{
  "total_rounds": 201,
  "total_training_time": 14587.982235908508,
  "final_accuracy": 0.50484,
  "final_loss": 2.2598923632251027,
  "average_round_time": 72.91000319123268,
  "total_communication_cost": 208771.1456298828,
  "device_participation_stats": {
    "device_97": 133,
    "device_59": 139,
    "device_41": 133,
    "device_89": 132,
    "device_93": 138,
    "device_1": 126,
    "device_4": 133,
    "device_60": 139,
    "device_17": 128,
    "device_8": 132,
    "device_62": 138,
    "device_32": 136,
    "device_80": 133,
    "device_55": 134,
    "device_12": 127,
    "device_91": 138,
    "device_92": 137,
    "device_56": 136,
    "device_36": 129,
    "device_65": 134,
    "device_68": 132,
    "device_95": 137,
    "device_39": 127,
    "device_69": 127,
    "device_58": 137,
    "device_20": 120,
    "device_67": 136,
    "device_33": 135,
    "device_45": 133,
    "device_66": 134,
    "device_35": 117,
    "device_64": 130,
    "device_98": 133,
    "device_25": 122,
    "device_63": 138,
    "device_83": 123,
    "device_73": 112,
    "device_50": 122,
    "device_99": 123,
    "device_22": 134,
    "device_77": 120,
    "device_5": 115,
    "device_0": 124,
    "device_61": 129,
    "device_70": 126,
    "device_51": 137,
    "device_31": 125,
    "device_79": 103,
    "device_90": 136,
    "device_28": 102,
    "device_11": 139,
    "device_82": 138,
    "device_43": 100,
    "device_52": 128,
    "device_81": 134,
    "device_14": 102,
    "device_7": 116,
    "device_18": 135,
    "device_10": 99,
    "device_26": 99,
    "device_2": 137,
    "device_42": 120,
    "device_19": 134,
    "device_85": 133,
    "device_23": 135,
    "device_27": 134,
    "device_47": 131,
    "device_37": 131,
    "device_57": 135,
    "device_53": 130,
    "device_54": 118,
    "device_48": 132,
    "device_46": 133,
    "device_71": 133,
    "device_13": 103,
    "device_86": 134,
    "device_87": 112,
    "device_44": 118,
    "device_75": 99,
    "device_3": 130,
    "device_21": 129,
    "device_29": 140,
    "device_84": 97,
    "device_78": 129,
    "device_9": 122,
    "device_15": 129,
    "device_34": 100,
    "device_16": 117,
    "device_6": 132,
    "device_96": 101,
    "device_94": 139,
    "device_38": 134,
    "device_74": 101,
    "device_40": 103,
    "device_88": 123,
    "device_76": 136,
    "device_24": 137,
    "device_30": 136,
    "device_72": 137,
    "device_49": 135
  },
  "convergence_rounds": 190,
  "zone_discovery_stats": {
    "rounds_completed": 1,
    "average_stability": 1.0,
    "total_migrations": 0,
    "migration_history_size": 0
  },
  "aggregation_stats": {
    "total_rounds": 200,
    "zone_participation_rates": {
      "zone_0": 1.0,
      "zone_1": 1.0,
      "zone_2": 1.0,
      "zone_3": 1.0,
      "zone_4": 1.0,
      "zone_5": 1.0,
      "zone_6": 1.0,
      "zone_7": 1.0,
      "zone_8": 1.0,
      "zone_9": 1.0,
      "zone_10": 1.0,
      "zone_11": 1.0,
      "zone_12": 1.0,
      "zone_13": 1.0,
      "zone_14": 1.0,
      "zone_15": 1.0
    },
    "average_communication_cost_mb": 1043.855728149414,
    "spatial_correlations": {
      "average": 0.9999709622944439,
      "maximum": 1.000017466874849,
      "total_pairs": 136
    },
    "staleness_distribution": {
      "zone_0": 0,
      "zone_1": 0,
      "zone_2": 0,
      "zone_3": 0,
      "zone_4": 0,
      "zone_5": 0,
      "zone_6": 0,
      "zone_7": 0,
      "zone_8": 0,
      "zone_9": 0,
      "zone_10": 0,
      "zone_11": 0,
      "zone_12": 0,
      "zone_13": 0,
      "zone_14": 0,
      "zone_15": 0
    },
    "current_zone_weights": {
      "zone_0": 0.058074640638173164,
      "zone_1": 0.06274596108610882,
      "zone_2": 0.060434198869427413,
      "zone_3": 0.06805397237923513,
      "zone_4": 0.058970345996277374,
      "zone_5": 0.07405373784361043,
      "zone_6": 0.04166848829362149,
      "zone_7": 0.06207425778146491,
      "zone_8": 0.072197784056366,
      "zone_9": 0.056359810273802394,
      "zone_10": 0.07209646933918251,
      "zone_11": 0.05658697849595541,
      "zone_12": 0.04662493162003062,
      "zone_13": 0.062248548538945174,
      "zone_14": 0.07373925813294076,
      "zone_15": 0.07407061665485833
    }
  }
}