{
  "total_rounds": 201,
  "total_training_time": 14349.765686511993,
  "final_accuracy": 0.46024,
  "final_loss": 2.3676399734928784,
  "average_round_time": 71.71516853570938,
  "total_communication_cost": 208771.1456298828,
  "device_participation_stats": {
    "device_79": 131,
    "device_2": 130,
    "device_95": 142,
    "device_18": 135,
    "device_99": 135,
    "device_71": 125,
    "device_74": 122,
    "device_30": 137,
    "device_32": 132,
    "device_26": 121,
    "device_24": 99,
    "device_94": 135,
    "device_11": 119,
    "device_37": 133,
    "device_3": 131,
    "device_87": 129,
    "device_70": 132,
    "device_42": 121,
    "device_57": 102,
    "device_96": 126,
    "device_48": 136,
    "device_4": 129,
    "device_21": 134,
    "device_81": 130,
    "device_40": 123,
    "device_20": 138,
    "device_93": 137,
    "device_82": 119,
    "device_9": 128,
    "device_38": 136,
    "device_86": 113,
    "device_73": 132,
    "device_83": 126,
    "device_0": 132,
    "device_63": 122,
    "device_61": 122,
    "device_85": 122,
    "device_29": 126,
    "device_68": 117,
    "device_67": 117,
    "device_34": 123,
    "device_19": 138,
    "device_35": 100,
    "device_12": 128,
    "device_28": 117,
    "device_44": 113,
    "device_55": 105,
    "device_13": 106,
    "device_88": 131,
    "device_15": 121,
    "device_1": 129,
    "device_25": 136,
    "device_17": 116,
    "device_5": 114,
    "device_72": 117,
    "device_6": 101,
    "device_90": 99,
    "device_52": 129,
    "device_91": 134,
    "device_50": 140,
    "device_59": 100,
    "device_84": 135,
    "device_23": 124,
    "device_39": 118,
    "device_7": 134,
    "device_43": 142,
    "device_78": 128,
    "device_56": 118,
    "device_69": 121,
    "device_31": 135,
    "device_45": 133,
    "device_36": 101,
    "device_77": 102,
    "device_54": 114,
    "device_75": 140,
    "device_89": 127,
    "device_60": 117,
    "device_53": 97,
    "device_10": 121,
    "device_22": 96,
    "device_62": 128,
    "device_92": 99,
    "device_41": 122,
    "device_51": 128,
    "device_16": 118,
    "device_97": 117,
    "device_65": 114,
    "device_98": 118,
    "device_64": 116,
    "device_80": 133,
    "device_8": 100,
    "device_76": 134,
    "device_27": 135,
    "device_49": 100,
    "device_33": 101,
    "device_66": 102,
    "device_47": 132,
    "device_58": 121,
    "device_14": 134,
    "device_46": 133
  },
  "convergence_rounds": 190,
  "zone_discovery_stats": {
    "rounds_completed": 1,
    "average_stability": 1.0,
    "total_migrations": 0,
    "migration_history_size": 0
  },
  "aggregation_stats": {
    "total_rounds": 200,
    "zone_participation_rates": {
      "zone_0": 1.0,
      "zone_1": 1.0,
      "zone_2": 1.0,
      "zone_3": 1.0,
      "zone_4": 1.0,
      "zone_5": 1.0,
      "zone_6": 1.0,
      "zone_7": 1.0,
      "zone_8": 1.0,
      "zone_9": 1.0,
      "zone_10": 1.0,
      "zone_11": 1.0,
      "zone_12": 1.0,
      "zone_13": 1.0,
      "zone_14": 1.0,
      "zone_15": 1.0,
      "zone_16": 1.0,
      "zone_17": 1.0
    },
    "average_communication_cost_mb": 1043.855728149414,
    "spatial_correlations": {
      "average": 0.999971710372383,
      "maximum": 1.0000052168512559,
      "total_pairs": 171
    },
    "staleness_distribution": {
      "zone_0": 0,
      "zone_1": 0,
      "zone_2": 0,
      "zone_3": 0,
      "zone_4": 0,
      "zone_5": 0,
      "zone_6": 0,
      "zone_7": 0,
      "zone_8": 0,
      "zone_9": 0,
      "zone_10": 0,
      "zone_11": 0,
      "zone_12": 0,
      "zone_13": 0,
      "zone_14": 0,
      "zone_15": 0,
      "zone_16": 0,
      "zone_17": 0
    },
    "current_zone_weights": {
      "zone_0": 0.06340014327451131,
      "zone_1": 0.06012485053445813,
      "zone_2": 0.06585175126739716,
      "zone_3": 0.06670124114544974,
      "zone_4": 0.045931950171172756,
      "zone_5": 0.03730162671451404,
      "zone_6": 0.03860343921836263,
      "zone_7": 0.05229423198070315,
      "zone_8": 0.04621111398995989,
      "zone_9": 0.06193106919972708,
      "zone_10": 0.05839377586176558,
      "zone_11": 0.060960790107990596,
      "zone_12": 0.03807900490676095,
      "zone_13": 0.06577985952661008,
      "zone_14": 0.06657257584271871,
      "zone_15": 0.06618352342619264,
      "zone_16": 0.05720536102498137,
      "zone_17": 0.04847369180672416
    }
  }
}