{
  "system_configuration": {
    "num_devices": 100,
    "num_zones": 16,
    "num_rounds": 0,
    "dataset": "femnist"
  },
  "final_performance": {
    "continuum_fl": {
      "accuracy": 0.0,
      "loss": Infinity,
      "total_communication_cost": 0
    }
  },
  "aggregation_statistics": {},
  "zone_discovery_statistics": {
    "rounds_completed": 1,
    "average_stability": 1.0,
    "total_migrations": 0,
    "migration_history_size": 0
  },
  "baseline_comparison": {
    "FedProx": {
      "method": "FedProx",
      "final_accuracy": 0.8667780124772806,
      "final_loss": 0.39776888118511566,
      "accuracies": [
        0.007264086063761851,
        0.07692685562705703,
        0.04869946455764602,
        0.04493540305546004,
        0.12432455666355553,
        0.3041459940069755,
        0.3969089256766714,
        0.5193606621800855,
        0.606351623520165,
        0.6548116127130716,
        0.6868337672545071,
        0.7182050400353687,
        0.7332735668320479,
        0.7516333447954021,
        0.7522658053740728,
        0.770054526698433,
        0.7734992877142998,
        0.7848958589183082,
        0.7916011691310114,
        0.795524880876357,
        0.8010450950532986,
        0.8042442403104583,
        0.8070872427174928,
        0.8091197131207938,
        0.8064854841086604,
        0.8129206169867859,
        0.8151065972392789,
        0.8175504740384143,
        0.8191224148941396,
        0.819552242471877,
        0.8222294542417842,
        0.825674215257651,
        0.8252996512256227,
        0.8287075698776833,
        0.8313417988898167,
        0.8325514565014491,
        0.8343935746917522,
        0.8338225180527583,
        0.8285786216043621,
        0.8324470698039986,
        0.8367514859753402,
        0.8373348234022695,
        0.8375313160092351,
        0.8408287075698777,
        0.8397357174436312,
        0.8407304612663948,
        0.8357383209706735,
        0.8353576165446776,
        0.8427506508817606,
        0.8427076681239868,
        0.8427138085179545,
        0.8437208331286535,
        0.8445497863142899,
        0.8458269882595667,
        0.8478103355111264,
        0.84576558431989,
        0.844187503070197,
        0.8466252394753647,
        0.8484550768777325,
        0.8468340128702657,
        0.8455629513189566,
        0.8437760966743626,
        0.846410325686496,
        0.8472822616299062,
        0.8447094365574496,
        0.8462445350493688,
        0.85158053740728,
        0.8500085965515547,
        0.8503340374318417,
        0.8518629955297932,
        0.8534594979613892,
        0.850745443827676,
        0.8532814265363265,
        0.8533551112639387,
        0.8538954659330943,
        0.8539691506607064,
        0.8540796777521246,
        0.8547919634523751,
        0.8536437097804195,
        0.8517893108021811,
        0.849947192611878,
        0.8545647688755711,
        0.8558174092449772,
        0.8541349412978336,
        0.8527287910792356,
        0.8574691752222823,
        0.8564928525814216,
        0.856505133369357,
        0.8572542614334135,
        0.8570700496143833,
        0.8576226850714742,
        0.8574139116765732,
        0.8559156555484599,
        0.8581323377707913,
        0.8568121530677408,
        0.8590840988357813,
        0.8559279363363953,
        0.856351623520165,
        0.8554551260008842,
        0.853711254114064,
        0.8585990077123348,
        0.8600849830525127,
        0.8604349855086703,
        0.8580463722552439,
        0.8560323230338458,
        0.8588814658348479,
        0.8605025298423147,
        0.8573709289187994,
        0.8572358402515106,
        0.8602139313258339,
        0.8605884953578622,
        0.8592191875030702,
        0.8602937564474137,
        0.8566709240064843,
        0.8581323377707913,
        0.859127081593555,
        0.8553384585154984,
        0.8588016407132681,
        0.8607481456010218,
        0.8607911283587955,
        0.8610920076632117,
        0.8619332416367834,
        0.8603490199931227,
        0.8602139313258339,
        0.8586235692882055,
        0.8612148155425652,
        0.8614911332711107,
        0.8616078007564966,
        0.8595691899592278,
        0.8598823500515793,
        0.8604042835388318,
        0.8621849977894581,
        0.8593665569582944,
        0.8622771036989734,
        0.8619578032126541,
        0.8623630692145208,
        0.8631183376725451,
        0.8629586874293854,
        0.859452522473842,
        0.8592069067151349,
        0.8629157046716117,
        0.8618902588790097,
        0.8618349953333005,
        0.8630569337328683,
        0.8637999214029572,
        0.8606928820553127,
        0.8638490445546986,
        0.8637692194331188,
        0.8632964090976077,
        0.8643955396178219,
        0.8632043031880926,
        0.8592007663211672,
        0.8643034337083068,
        0.8643095741022744,
        0.8642481701625976,
        0.860078842658545,
        0.8641806258289532,
        0.8635236036744117,
        0.8643586972540158,
        0.8632104435820602,
        0.8651569484698138,
        0.8632043031880926,
        0.863824482978828,
        0.8652060716215553,
        0.8623262268507147,
        0.8653165987129734,
        0.8630323721569976,
        0.8649420346809451,
        0.8642665913445007,
        0.8609691997838581,
        0.8652367735913936,
        0.8640823795254704,
        0.8653104583190058,
        0.8603121776293167,
        0.8652551947732967,
        0.8647148401041411,
        0.8654701085621653,
        0.8614297293314339,
        0.8646043130127229,
        0.8646104534066906,
        0.8651385272879107,
        0.8652551947732967,
        0.8633516726433168,
        0.8640148351918259,
        0.8658999361399027,
        0.8633823746131551,
        0.863271847521737,
        0.8663236233236724,
        0.8662069558382866,
        0.8609507786019551,
        0.8651323868939431,
        0.8647394016800118,
        0.8624121923662622,
        0.8639902736159552,
        0.8650341405904602,
        0.8645490494670138,
        0.8661701134744805,
        0.8645490494670138,
        0.8662683597779633,
        0.8667780124772806
      ],