{
  "total_rounds": 201,
  "total_training_time": 44503.63869047165,
  "final_accuracy": 0.4207,
  "final_loss": 4.348624115934768,
  "average_round_time": 222.50371497631073,
  "total_communication_cost": 1267236.7998657227,
  "device_participation_stats": {
    "device_90": 131,
    "device_2": 139,
    "device_32": 130,
    "device_15": 147,
    "device_0": 136,
    "device_64": 136,
    "device_10": 141,
    "device_58": 143,
    "device_72": 123,
    "device_36": 141,
    "device_25": 145,
    "device_56": 143,
    "device_62": 120,
    "device_59": 130,
    "device_3": 118,
    "device_7": 136,
    "device_35": 133,
    "device_16": 140,
    "device_70": 136,
    "device_42": 131,
    "device_65": 130,
    "device_85": 147,
    "device_60": 133,
    "device_8": 130,
    "device_92": 147,
    "device_1": 139,
    "device_89": 141,
    "device_53": 143,
    "device_68": 136,
    "device_33": 139,
    "device_69": 142,
    "device_57": 126,
    "device_67": 138,
    "device_79": 145,
    "device_21": 142,
    "device_37": 131,
    "device_71": 141,
    "device_50": 135,
    "device_95": 118,
    "device_17": 140,
    "device_44": 141,
    "device_66": 118,
    "device_4": 136,
    "device_61": 142,
    "device_41": 147,
    "device_29": 147,
    "device_52": 142,
    "device_6": 134,
    "device_5": 125,
    "device_74": 133,
    "device_49": 131,
    "device_63": 122,
    "device_27": 131,
    "device_82": 130,
    "device_47": 147,
    "device_22": 138,
    "device_54": 140,
    "device_93": 139,
    "device_99": 142,
    "device_87": 132,
    "device_24": 139,
    "device_48": 142,
    "device_12": 131,
    "device_34": 147,
    "device_88": 152,
    "device_55": 144,
    "device_78": 135,
    "device_28": 120,
    "device_20": 127,
    "device_13": 139,
    "device_30": 136,
    "device_46": 142,
    "device_31": 128,
    "device_40": 145,
    "device_80": 132,
    "device_18": 149,
    "device_77": 141,
    "device_76": 141,
    "device_84": 136,
    "device_94": 131,
    "device_86": 135,
    "device_26": 137,
    "device_45": 133,
    "device_51": 146,
    "device_83": 110,
    "device_75": 139,
    "device_97": 141,
    "device_98": 136,
    "device_39": 132,
    "device_19": 130,
    "device_43": 137,
    "device_91": 144,
    "device_96": 142,
    "device_23": 114,
    "device_14": 128,
    "device_81": 133,
    "device_38": 133,
    "device_11": 141,
    "device_73": 141,
    "device_9": 135
  },
  "convergence_rounds": 190,
  "zone_discovery_stats": {
    "rounds_completed": 1,
    "average_stability": 1.0,
    "total_migrations": 0,
    "migration_history_size": 0
  },
  "aggregation_stats": {
    "total_rounds": 200,
    "zone_participation_rates": {
      "zone_0": 1.0,
      "zone_1": 1.0,
      "zone_2": 1.0,
      "zone_3": 1.0,
      "zone_4": 1.0,
      "zone_5": 1.0
    },
    "average_communication_cost_mb": 6340.0394287109375,
    "spatial_correlations": {
      "average": 0.9955183578177044,
      "maximum": 0.9999999992944921,
      "total_pairs": 21
    },
    "staleness_distribution": {
      "zone_0": 0,
      "zone_1": 0,
      "zone_2": 0,
      "zone_3": 0,
      "zone_4": 0,
      "zone_5": 0
    },
    "current_zone_weights": {
      "zone_0": 0.18568625859062202,
      "zone_1": 0.21318322348028526,
      "zone_2": 0.1762515375370286,
      "zone_3": 0.21292736610331434,
      "zone_4": 0.20057742087306424,
      "zone_5": 0.011374193415685704
    }
  }
}