{
  "total_rounds": 94,
  "total_training_time": 252203.936347723,
  "final_accuracy": 0.6939382030751093,
  "final_loss": 0.8892327905169639,
  "average_round_time": 2707.085004860355,
  "total_communication_cost": 9216.321144104004,
  "device_participation_stats": {
    "device_69": 63,
    "device_56": 60,
    "device_99": 62,
    "device_22": 59,
    "device_23": 62,
    "device_10": 59,
    "device_36": 67,
    "device_68": 65,
    "device_81": 60,
    "device_67": 72,
    "device_91": 63,
    "device_31": 65,
    "device_33": 66,
    "device_94": 60,
    "device_30": 65,
    "device_63": 67,
    "device_95": 60,
    "device_66": 67,
    "device_65": 63,
    "device_49": 64,
    "device_61": 72,
    "device_2": 62,
    "device_41": 65,
    "device_51": 74,
    "device_19": 71,
    "device_90": 62,
    "device_46": 62,
    "device_62": 68,
    "device_7": 66,
    "device_92": 67,
    "device_57": 63,
    "device_52": 60,
    "device_45": 66,
    "device_97": 72,
    "device_34": 64,
    "device_39": 65,
    "device_59": 62,
    "device_32": 68,
    "device_98": 56,
    "device_78": 64,
    "device_9": 64,
    "device_1": 63,
    "device_25": 66,
    "device_54": 65,
    "device_28": 54,
    "device_85": 62,
    "device_6": 65,
    "device_60": 63,
    "device_4": 62,
    "device_27": 61,
    "device_96": 55,
    "device_20": 65,
    "device_38": 62,
    "device_71": 52,
    "device_82": 53,
    "device_64": 64,
    "device_84": 59,
    "device_18": 58,
    "device_77": 55,
    "device_93": 55,
    "device_73": 54,
    "device_50": 55,
    "device_5": 52,
    "device_0": 54,
    "device_35": 58,
    "device_29": 56,
    "device_11": 59,
    "device_58": 61,
    "device_3": 56,
    "device_12": 63,
    "device_48": 63,
    "device_55": 62,
    "device_86": 71,
    "device_14": 56,
    "device_70": 58,
    "device_16": 61,
    "device_80": 64,
    "device_42": 55,
    "device_53": 65,
    "device_37": 63,
    "device_8": 53,
    "device_24": 56,
    "device_72": 53,
    "device_89": 57,
    "device_75": 47,
    "device_26": 69,
    "device_15": 42,
    "device_13": 42,
    "device_87": 47,
    "device_21": 60,
    "device_79": 40,
    "device_44": 63,
    "device_47": 71,
    "device_74": 64,
    "device_76": 70,
    "device_17": 63,
    "device_40": 47,
    "device_43": 67,
    "device_88": 68,
    "device_83": 64
  },
  "convergence_rounds": 83,
  "zone_discovery_stats": {
    "rounds_completed": 1,
    "average_stability": 1.0,
    "total_migrations": 0,
    "migration_history_size": 0
  },
  "aggregation_stats": {
    "total_rounds": 93,
    "zone_participation_rates": {
      "zone_0": 1.0,
      "zone_1": 1.0,
      "zone_2": 1.0,
      "zone_3": 1.0,
      "zone_4": 1.0,
      "zone_5": 1.0,
      "zone_6": 1.0,
      "zone_7": 1.0,
      "zone_8": 1.0,
      "zone_9": 1.0
    },
    "average_communication_cost_mb": 99.10022735595703,
    "spatial_correlations": {
      "average": 0.9991817319395951,
      "maximum": 0.9999444667132745,
      "total_pairs": 55
    },
    "staleness_distribution": {
      "zone_0": 0,
      "zone_1": 0,
      "zone_2": 0,
      "zone_3": 0,
      "zone_4": 0,
      "zone_5": 0,
      "zone_6": 0,
      "zone_7": 0,
      "zone_8": 0,
      "zone_9": 0
    },
    "current_zone_weights": {
      "zone_0": 0.11166154593229294,
      "zone_1": 0.07704764604568481,
      "zone_2": 0.10772472620010376,
      "zone_3": 0.08054375648498535,
      "zone_4": 0.11929148435592651,
      "zone_5": 0.11427950859069824,
      "zone_6": 0.06794276088476181,
      "zone_7": 0.11923645436763763,
      "zone_8": 0.1048479899764061,
      "zone_9": 0.09742419421672821
    }
  }
}