{
  "system_configuration": {
    "num_devices": 30,
    "num_zones": 5,
    "num_rounds": 200,
    "dataset": "cifar100"
  },
  "final_performance": {
    "continuum_fl": {
      "accuracy": 0.4292,
      "loss": 5.787007692142035,
      "total_communication_cost": 246182.01749267578
    }
  },
  "aggregation_statistics": {
    "total_rounds": 200,
    "zone_participation_rates": {
      "zone_0": 1.0,
      "zone_1": 1.0,
      "zone_2": 1.0,
      "zone_3": 1.0,
      "zone_4": 1.0
    },
    "average_communication_cost_mb": 1233.73740234375,
    "spatial_correlations": {
      "average": 0.9972062427240519,
      "maximum": 0.9999999992944921,
      "total_pairs": 15
    },
    "staleness_distribution": {
      "zone_0": 0,
      "zone_1": 0,
      "zone_2": 0,
      "zone_3": 0,
      "zone_4": 0
    },
    "current_zone_weights": {
      "zone_0": 0.13600705778923497,
      "zone_1": 0.04843944816750089,
      "zone_2": 0.04843944816750089,
      "zone_3": 0.7186745977082624,
      "zone_4": 0.04843944816750089
    }
  },
  "zone_discovery_statistics": {
    "rounds_completed": 1,
    "average_stability": 1.0,
    "total_migrations": 0,
    "migration_history_size": 0
  }
}