{
  "total_rounds": 201,
  "total_training_time": 37655.94432401657,
  "final_accuracy": 0.4292,
  "final_loss": 5.787007692142035,
  "average_round_time": 188.26523794651033,
  "total_communication_cost": 246182.01749267578,
  "device_participation_stats": {
    "device_3": 138,
    "device_5": 138,
    "device_27": 127,
    "device_1": 134,
    "device_20": 133,
    "device_29": 123,
    "device_4": 139,
    "device_17": 116,
    "device_15": 123,
    "device_16": 116,
    "device_10": 133,
    "device_22": 104,
    "device_18": 129,
    "device_21": 121,
    "device_19": 125,
    "device_0": 128,
    "device_12": 131,
    "device_6": 126,
    "device_23": 138,
    "device_24": 127,
    "device_7": 127,
    "device_26": 105,
    "device_9": 118,
    "device_14": 123,
    "device_13": 114,
    "device_11": 123,
    "device_28": 133,
    "device_2": 130,
    "device_8": 137,
    "device_25": 130
  },
  "convergence_rounds": 190,
  "zone_discovery_stats": {
    "rounds_completed": 1,
    "average_stability": 1.0,
    "total_migrations": 0,
    "migration_history_size": 0
  },
  "aggregation_stats": {
    "total_rounds": 200,
    "zone_participation_rates": {
      "zone_0": 1.0,
      "zone_1": 1.0,
      "zone_2": 1.0,
      "zone_3": 1.0,
      "zone_4": 1.0
    },
    "average_communication_cost_mb": 1233.73740234375,
    "spatial_correlations": {
      "average": 0.9972062427240519,
      "maximum": 0.9999999992944921,
      "total_pairs": 15
    },
    "staleness_distribution": {
      "zone_0": 0,
      "zone_1": 0,
      "zone_2": 0,
      "zone_3": 0,
      "zone_4": 0
    },
    "current_zone_weights": {
      "zone_0": 0.13600705778923497,
      "zone_1": 0.04843944816750089,
      "zone_2": 0.04843944816750089,
      "zone_3": 0.7186745977082624,
      "zone_4": 0.04843944816750089
    }
  }
}