{
  "total_rounds": 201,
  "total_training_time": 43648.67849493027,
  "final_accuracy": 0.54738,
  "final_loss": 1.7207696501139411,
  "average_round_time": 218.2419637978077,
  "total_communication_cost": 180758.81469726565,
  "device_participation_stats": {
    "device_86": 152,
    "device_65": 132,
    "device_33": 130,
    "device_98": 134,
    "device_22": 140,
    "device_56": 130,
    "device_25": 138,
    "device_39": 128,
    "device_95": 141,
    "device_20": 134,
    "device_10": 127,
    "device_54": 137,
    "device_99": 134,
    "device_6": 133,
    "device_67": 144,
    "device_41": 139,
    "device_78": 140,
    "device_52": 130,
    "device_34": 132,
    "device_23": 138,
    "device_90": 141,
    "device_91": 138,
    "device_7": 130,
    "device_94": 145,
    "device_31": 144,
    "device_46": 127,
    "device_51": 152,
    "device_2": 135,
    "device_68": 138,
    "device_58": 148,
    "device_69": 137,
    "device_29": 133,
    "device_66": 139,
    "device_62": 148,
    "device_30": 136,
    "device_27": 134,
    "device_81": 140,
    "device_9": 134,
    "device_63": 136,
    "device_85": 123,
    "device_35": 119,
    "device_4": 121,
    "device_73": 112,
    "device_93": 127,
    "device_5": 116,
    "device_64": 132,
    "device_60": 134,
    "device_1": 139,
    "device_57": 136,
    "device_18": 119,
    "device_97": 144,
    "device_38": 127,
    "device_32": 140,
    "device_82": 115,
    "device_45": 137,
    "device_84": 137,
    "device_59": 138,
    "device_92": 147,
    "device_71": 128,
    "device_50": 122,
    "device_28": 112,
    "device_26": 138,
    "device_77": 134,
    "device_70": 133,
    "device_0": 134,
    "device_96": 122,
    "device_49": 129,
    "device_3": 131,
    "device_48": 125,
    "device_72": 132,
    "device_42": 131,
    "device_53": 134,
    "device_14": 125,
    "device_55": 138,
    "device_21": 134,
    "device_16": 129,
    "device_12": 140,
    "device_19": 130,
    "device_89": 123,
    "device_61": 151,
    "device_87": 113,
    "device_11": 138,
    "device_13": 103,
    "device_8": 124,
    "device_37": 141,
    "device_80": 138,
    "device_24": 124,
    "device_15": 103,
    "device_75": 113,
    "device_40": 132,
    "device_79": 134,
    "device_36": 137,
    "device_47": 147,
    "device_17": 138,
    "device_74": 137,
    "device_76": 147,
    "device_88": 119,
    "device_43": 120,
    "device_83": 136,
    "device_44": 136
  },
  "convergence_rounds": 190,
  "zone_discovery_stats": {
    "rounds_completed": 1,
    "average_stability": 1.0,
    "total_migrations": 0,
    "migration_history_size": 0
  },
  "aggregation_stats": {
    "total_rounds": 200,
    "zone_participation_rates": {
      "zone_0": 1.0,
      "zone_1": 1.0,
      "zone_2": 1.0,
      "zone_3": 1.0,
      "zone_4": 1.0,
      "zone_5": 1.0,
      "zone_6": 1.0,
      "zone_7": 1.0,
      "zone_8": 1.0,
      "zone_9": 1.0
    },
    "average_communication_cost_mb": 903.7940734863283,
    "spatial_correlations": {
      "average": 1.0000021562306243,
      "maximum": 1.0000291644463377,
      "total_pairs": 55
    },
    "staleness_distribution": {
      "zone_0": 0,
      "zone_1": 0,
      "zone_2": 0,
      "zone_3": 0,
      "zone_4": 0,
      "zone_5": 0,
      "zone_6": 0,
      "zone_7": 0,
      "zone_8": 0,
      "zone_9": 0
    },
    "current_zone_weights": {
      "zone_0": 0.1113312840461731,
      "zone_1": 0.10994578897953033,
      "zone_2": 0.11749513447284698,
      "zone_3": 0.07375992089509964,
      "zone_4": 0.10099034011363983,
      "zone_5": 0.11773808300495148,
      "zone_6": 0.08960767090320587,
      "zone_7": 0.11716259270906448,
      "zone_8": 0.06126724183559418,
      "zone_9": 0.1007019504904747
    }
  }
}