{
  "total_rounds": 201,
  "total_training_time": 32246.3986184597,
  "final_accuracy": 0.36888274909342084,
  "final_loss": 4.878529151368537,
  "average_round_time": 161.17034309625626,
  "total_communication_cost": 161105.23223876953,
  "device_participation_stats": {
    "device_65": 130,
    "device_84": 120,
    "device_46": 126,
    "device_57": 137,
    "device_69": 134,
    "device_97": 144,
    "device_30": 131,
    "device_50": 121,
    "device_90": 141,
    "device_7": 131,
    "device_96": 121,
    "device_52": 128,
    "device_91": 136,
    "device_81": 126,
    "device_38": 127,
    "device_98": 135,
    "device_10": 125,
    "device_4": 120,
    "device_68": 130,
    "device_94": 130,
    "device_32": 136,
    "device_2": 131,
    "device_34": 131,
    "device_64": 131,
    "device_99": 132,
    "device_95": 130,
    "device_54": 139,
    "device_56": 138,
    "device_33": 136,
    "device_67": 144,
    "device_59": 136,
    "device_93": 127,
    "device_62": 150,
    "device_73": 111,
    "device_41": 143,
    "device_9": 134,
    "device_1": 138,
    "device_31": 139,
    "device_49": 141,
    "device_77": 112,
    "device_0": 121,
    "device_25": 138,
    "device_5": 115,
    "device_60": 133,
    "device_66": 136,
    "device_6": 136,
    "device_85": 123,
    "device_63": 139,
    "device_39": 126,
    "device_51": 151,
    "device_19": 135,
    "device_61": 150,
    "device_20": 132,
    "device_36": 136,
    "device_45": 136,
    "device_71": 116,
    "device_27": 132,
    "device_23": 133,
    "device_92": 148,
    "device_78": 139,
    "device_35": 119,
    "device_18": 119,
    "device_82": 115,
    "device_22": 137,
    "device_28": 111,
    "device_29": 126,
    "device_58": 130,
    "device_12": 139,
    "device_87": 112,
    "device_80": 140,
    "device_53": 132,
    "device_79": 103,
    "device_3": 129,
    "device_42": 130,
    "device_37": 139,
    "device_48": 132,
    "device_75": 112,
    "device_11": 127,
    "device_72": 132,
    "device_24": 123,
    "device_70": 129,
    "device_16": 128,
    "device_13": 103,
    "device_89": 123,
    "device_14": 126,
    "device_15": 103,
    "device_55": 144,
    "device_8": 123,
    "device_86": 139,
    "device_40": 111,
    "device_21": 133,
    "device_74": 136,
    "device_44": 136,
    "device_76": 146,
    "device_17": 138,
    "device_47": 145,
    "device_26": 117,
    "device_43": 119,
    "device_88": 119,
    "device_83": 131
  },
  "convergence_rounds": 190,
  "zone_discovery_stats": {
    "rounds_completed": 1,
    "average_stability": 1.0,
    "total_migrations": 0,
    "migration_history_size": 0
  },
  "aggregation_stats": {
    "total_rounds": 200,
    "zone_participation_rates": {
      "zone_0": 1.0,
      "zone_1": 1.0,
      "zone_2": 1.0,
      "zone_3": 1.0,
      "zone_4": 1.0,
      "zone_5": 1.0,
      "zone_6": 1.0,
      "zone_7": 1.0,
      "zone_8": 1.0,
      "zone_9": 1.0
    },
    "average_communication_cost_mb": 805.5261611938477,
    "spatial_correlations": {
      "average": 0.99984377166951,
      "maximum": 0.9999999992944921,
      "total_pairs": 55
    },
    "staleness_distribution": {
      "zone_0": 0,
      "zone_1": 0,
      "zone_2": 0,
      "zone_3": 0,
      "zone_4": 0,
      "zone_5": 0,
      "zone_6": 0,
      "zone_7": 0,
      "zone_8": 0,
      "zone_9": 0
    },
    "current_zone_weights": {
      "zone_0": 0.122444308898683,
      "zone_1": 0.061151732360686085,
      "zone_2": 0.08694802637463821,
      "zone_3": 0.11530241729571143,
      "zone_4": 0.07061126658926617,
      "zone_5": 0.11756215414033043,
      "zone_6": 0.09538126189393885,
      "zone_7": 0.11188817189132175,
      "zone_8": 0.10508976931961668,
      "zone_9": 0.11362089123580735
    }
  }
}