{
  "total_rounds": 201,
  "total_training_time": 45750.71611261368,
  "final_accuracy": 0.36580901398722154,
  "final_loss": 5.330588192175765,
  "average_round_time": 228.75219519853593,
  "total_communication_cost": 97951.98120117188,
  "device_participation_stats": {
    "device_78": 139,
    "device_27": 133,
    "device_35": 119,
    "device_68": 138,
    "device_23": 138,
    "device_29": 131,
    "device_69": 137,
    "device_54": 137,
    "device_81": 142,
    "device_41": 139,
    "device_32": 137,
    "device_30": 135,
    "device_66": 138,
    "device_91": 137,
    "device_7": 130,
    "device_97": 143,
    "device_70": 132,
    "device_90": 140,
    "device_34": 131,
    "device_94": 144,
    "device_1": 139,
    "device_31": 143,
    "device_33": 130,
    "device_28": 109,
    "device_22": 139,
    "device_65": 131,
    "device_58": 141,
    "device_2": 139,
    "device_59": 137,
    "device_26": 137,
    "device_10": 126,
    "device_6": 132,
    "device_67": 143,
    "device_38": 127,
    "device_50": 121,
    "device_63": 135,
    "device_18": 117,
    "device_98": 133,
    "device_5": 115,
    "device_93": 127,
    "device_84": 137,
    "device_4": 120,
    "device_20": 133,
    "device_86": 151,
    "device_51": 151,
    "device_73": 111,
    "device_9": 134,
    "device_57": 138,
    "device_95": 140,
    "device_92": 147,
    "device_45": 136,
    "device_52": 129,
    "device_64": 131,
    "device_62": 147,
    "device_46": 126,
    "device_99": 134,
    "device_85": 122,
    "device_60": 133,
    "device_96": 123,
    "device_56": 129,
    "device_25": 138,
    "device_71": 128,
    "device_39": 128,
    "device_77": 133,
    "device_82": 116,
    "device_0": 133,
    "device_75": 113,
    "device_48": 125,
    "device_72": 131,
    "device_19": 133,
    "device_21": 133,
    "device_12": 139,
    "device_15": 104,
    "device_61": 150,
    "device_42": 130,
    "device_49": 129,
    "device_11": 137,
    "device_24": 124,
    "device_89": 123,
    "device_3": 130,
    "device_53": 134,
    "device_16": 129,
    "device_87": 112,
    "device_13": 103,
    "device_37": 139,
    "device_40": 131,
    "device_80": 138,
    "device_14": 125,
    "device_55": 138,
    "device_8": 123,
    "device_79": 134,
    "device_76": 146,
    "device_74": 136,
    "device_47": 146,
    "device_36": 136,
    "device_17": 137,
    "device_88": 119,
    "device_43": 120,
    "device_83": 135,
    "device_44": 135
  },
  "convergence_rounds": 190,
  "zone_discovery_stats": {
    "rounds_completed": 1,
    "average_stability": 1.0,
    "total_migrations": 0,
    "migration_history_size": 0
  },
  "aggregation_stats": {
    "total_rounds": 200,
    "zone_participation_rates": {
      "zone_0": 1.0,
      "zone_1": 1.0,
      "zone_2": 1.0,
      "zone_3": 1.0,
      "zone_4": 1.0,
      "zone_5": 1.0,
      "zone_6": 1.0,
      "zone_7": 1.0,
      "zone_8": 1.0,
      "zone_9": 1.0
    },
    "average_communication_cost_mb": 489.75990600585936,
    "spatial_correlations": {
      "average": 0.9998256404013387,
      "maximum": 0.9999999992944921,
      "total_pairs": 55
    },
    "staleness_distribution": {
      "zone_0": 0,
      "zone_1": 0,
      "zone_2": 0,
      "zone_3": 0,
      "zone_4": 0,
      "zone_5": 0,
      "zone_6": 0,
      "zone_7": 0,
      "zone_8": 0,
      "zone_9": 0
    },
    "current_zone_weights": {
      "zone_0": 0.12243588268756866,
      "zone_1": 0.060774464160203934,
      "zone_2": 0.08667148649692535,
      "zone_3": 0.1157015785574913,
      "zone_4": 0.07062643766403198,
      "zone_5": 0.11774434894323349,
      "zone_6": 0.09556752443313599,
      "zone_7": 0.1117570772767067,
      "zone_8": 0.10509606450796127,
      "zone_9": 0.11362513154745102
    }
  }
}