{
  "system_configuration": {
    "num_devices": 100,
    "num_zones": 10,
    "num_rounds": 0,
    "dataset": "shakespeare"
  },
  "final_performance": {
    "continuum_fl": {
      "accuracy": 0.0,
      "loss": Infinity,
      "total_communication_cost": 0
    }
  },
  "aggregation_statistics": {},
  "zone_discovery_statistics": {
    "rounds_completed": 1,
    "average_stability": 1.0,
    "total_migrations": 0,
    "migration_history_size": 0
  },
  "baseline_comparison": {
    "FedProx": {
      "method": "FedProx",
      "final_accuracy": 0.18865677234586406,
      "final_loss": 3.117523484807506,
      "accuracies": [
        0.0068666943243713445,
        0.18865677234586406,
        0.18865677234586406,
        0.18865677234586406,
        0.18865677234586406,
        0.18865677234586406,
        0.18865677234586406,
        0.18865677234586406,
        0.18865677234586406,
        0.18865677234586406,
        0.18865677234586406,
        0.18865677234586406,
        0.18865677234586406,
        0.18865677234586406,
        0.18865677234586406,
        0.18865677234586406,
        0.18865677234586406,
        0.18865677234586406
      ],
      "losses": [
        4.433166401440985,
        3.243482963419728,
        3.1231635826709705,
        3.120764868232476,
        3.119790064998586,
        3.118842143643266,
        3.1182717080188147,
        3.1180460891441024,
        3.117851913669576,
        3.1178460926501543,
        3.1178966824548544,
        3.1177686629698838,
        3.1176967301896354,
        3.117585355858151,
        3.1176611316167318,
        3.117627769473809,
        3.11757291067786,
        3.117523484807506
      ],
      "total_time": 114087.2067027092,
      "convergence_round": 1
    }
  }
}