{
  "system_configuration": {
    "num_devices": 100,
    "num_zones": 10,
    "num_rounds": 200,
    "dataset": "cifar100"
  },
  "final_performance": {
    "continuum_fl": {
      "accuracy": 0.457,
      "loss": 3.6631323464762287,
      "total_communication_cost": 1301335.930847168
    }
  },
  "aggregation_statistics": {
    "total_rounds": 200,
    "zone_participation_rates": {
      "zone_0": 1.0,
      "zone_1": 1.0,
      "zone_2": 1.0,
      "zone_3": 1.0,
      "zone_4": 1.0,
      "zone_5": 1.0,
      "zone_6": 1.0,
      "zone_7": 1.0,
      "zone_8": 1.0,
      "zone_9": 1.0
    },
    "average_communication_cost_mb": 6511.391845703125,
    "spatial_correlations": {
      "average": 0.9980647264948143,
      "maximum": 0.9999999992944921,
      "total_pairs": 55
    },
    "staleness_distribution": {
      "zone_0": 0,
      "zone_1": 0,
      "zone_2": 0,
      "zone_3": 0,
      "zone_4": 0,
      "zone_5": 0,
      "zone_6": 0,
      "zone_7": 0,
      "zone_8": 0,
      "zone_9": 0
    },
    "current_zone_weights": {
      "zone_0": 0.08515746967410617,
      "zone_1": 0.10278957557734439,
      "zone_2": 0.11533764921808681,
      "zone_3": 0.11213326765114355,
      "zone_4": 0.08469227339500127,
      "zone_5": 0.11591187827651468,
      "zone_6": 0.08876858577880387,
      "zone_7": 0.07201402355869678,
      "zone_8": 0.1076118628895871,
      "zone_9": 0.1155834139807153
    }
  },
  "zone_discovery_statistics": {
    "rounds_completed": 1,
    "average_stability": 1.0,
    "total_migrations": 0,
    "migration_history_size": 0
  }
}