{
  "total_rounds": 201,
  "total_training_time": 56968.725437402725,
  "final_accuracy": 0.457,
  "final_loss": 3.6631323464762287,
  "average_round_time": 284.8212955367565,
  "total_communication_cost": 1301335.930847168,
  "device_participation_stats": {
    "device_41": 138,
    "device_68": 130,
    "device_61": 151,
    "device_66": 136,
    "device_19": 144,
    "device_95": 144,
    "device_69": 133,
    "device_33": 134,
    "device_31": 138,
    "device_22": 135,
    "device_30": 137,
    "device_1": 139,
    "device_67": 146,
    "device_52": 130,
    "device_62": 150,
    "device_91": 137,
    "device_78": 139,
    "device_45": 135,
    "device_23": 137,
    "device_32": 139,
    "device_90": 141,
    "device_0": 122,
    "device_85": 144,
    "device_92": 148,
    "device_93": 147,
    "device_60": 137,
    "device_4": 141,
    "device_63": 140,
    "device_65": 135,
    "device_39": 128,
    "device_38": 137,
    "device_6": 132,
    "device_54": 135,
    "device_36": 132,
    "device_10": 128,
    "device_73": 111,
    "device_50": 120,
    "device_5": 113,
    "device_64": 136,
    "device_94": 130,
    "device_59": 138,
    "device_28": 127,
    "device_99": 130,
    "device_56": 135,
    "device_49": 132,
    "device_96": 129,
    "device_18": 126,
    "device_35": 120,
    "device_9": 134,
    "device_82": 122,
    "device_84": 117,
    "device_97": 142,
    "device_57": 138,
    "device_34": 131,
    "device_7": 130,
    "device_51": 151,
    "device_27": 141,
    "device_46": 126,
    "device_20": 134,
    "device_77": 111,
    "device_2": 130,
    "device_81": 126,
    "device_25": 136,
    "device_98": 134,
    "device_71": 114,
    "device_75": 127,
    "device_86": 139,
    "device_3": 132,
    "device_42": 130,
    "device_16": 129,
    "device_29": 125,
    "device_12": 141,
    "device_58": 130,
    "device_70": 130,
    "device_72": 132,
    "device_53": 135,
    "device_87": 112,
    "device_48": 127,
    "device_15": 114,
    "device_79": 103,
    "device_11": 129,
    "device_89": 139,
    "device_8": 139,
    "device_80": 138,
    "device_14": 125,
    "device_37": 138,
    "device_24": 134,
    "device_55": 138,
    "device_40": 113,
    "device_13": 105,
    "device_21": 132,
    "device_76": 145,
    "device_17": 118,
    "device_44": 137,
    "device_47": 146,
    "device_74": 136,
    "device_26": 121,
    "device_43": 131,
    "device_88": 119,
    "device_83": 135
  },
  "convergence_rounds": 190,
  "zone_discovery_stats": {
    "rounds_completed": 1,
    "average_stability": 1.0,
    "total_migrations": 0,
    "migration_history_size": 0
  },
  "aggregation_stats": {
    "total_rounds": 200,
    "zone_participation_rates": {
      "zone_0": 1.0,
      "zone_1": 1.0,
      "zone_2": 1.0,
      "zone_3": 1.0,
      "zone_4": 1.0,
      "zone_5": 1.0,
      "zone_6": 1.0,
      "zone_7": 1.0,
      "zone_8": 1.0,
      "zone_9": 1.0
    },
    "average_communication_cost_mb": 6511.391845703125,
    "spatial_correlations": {
      "average": 0.9980647264948143,
      "maximum": 0.9999999992944921,
      "total_pairs": 55
    },
    "staleness_distribution": {
      "zone_0": 0,
      "zone_1": 0,
      "zone_2": 0,
      "zone_3": 0,
      "zone_4": 0,
      "zone_5": 0,
      "zone_6": 0,
      "zone_7": 0,
      "zone_8": 0,
      "zone_9": 0
    },
    "current_zone_weights": {
      "zone_0": 0.08515746967410617,
      "zone_1": 0.10278957557734439,
      "zone_2": 0.11533764921808681,
      "zone_3": 0.11213326765114355,
      "zone_4": 0.08469227339500127,
      "zone_5": 0.11591187827651468,
      "zone_6": 0.08876858577880387,
      "zone_7": 0.07201402355869678,
      "zone_8": 0.1076118628895871,
      "zone_9": 0.1155834139807153
    }
  }
}