{
  "total_rounds": 92,
  "total_training_time": 252258.16656064987,
  "final_accuracy": 0.7308419708208479,
  "final_loss": 0.920934585287201,
  "average_round_time": 2752.8716136544617,
  "total_communication_cost": 81163.08620452882,
  "device_participation_stats": {
    "device_63": 61,
    "device_2": 61,
    "device_41": 63,
    "device_69": 61,
    "device_36": 63,
    "device_19": 68,
    "device_10": 60,
    "device_95": 58,
    "device_91": 63,
    "device_61": 73,
    "device_49": 65,
    "device_68": 63,
    "device_67": 70,
    "device_94": 57,
    "device_81": 62,
    "device_33": 64,
    "device_65": 62,
    "device_66": 65,
    "device_56": 59,
    "device_46": 61,
    "device_22": 57,
    "device_23": 60,
    "device_30": 65,
    "device_99": 62,
    "device_31": 63,
    "device_51": 72,
    "device_62": 66,
    "device_90": 61,
    "device_52": 58,
    "device_9": 62,
    "device_7": 64,
    "device_1": 62,
    "device_39": 62,
    "device_57": 61,
    "device_34": 62,
    "device_78": 64,
    "device_97": 70,
    "device_98": 55,
    "device_60": 60,
    "device_32": 65,
    "device_20": 64,
    "device_92": 66,
    "device_6": 64,
    "device_45": 63,
    "device_38": 59,
    "device_93": 52,
    "device_59": 61,
    "device_54": 64,
    "device_4": 59,
    "device_18": 57,
    "device_64": 62,
    "device_25": 64,
    "device_84": 56,
    "device_27": 60,
    "device_96": 53,
    "device_85": 61,
    "device_82": 51,
    "device_71": 52,
    "device_77": 53,
    "device_0": 54,
    "device_73": 53,
    "device_5": 52,
    "device_28": 53,
    "device_50": 54,
    "device_35": 56,
    "device_86": 70,
    "device_48": 60,
    "device_11": 58,
    "device_29": 57,
    "device_55": 64,
    "device_58": 61,
    "device_3": 55,
    "device_12": 60,
    "device_70": 56,
    "device_16": 60,
    "device_42": 54,
    "device_37": 62,
    "device_14": 56,
    "device_72": 52,
    "device_80": 65,
    "device_53": 64,
    "device_15": 42,
    "device_24": 59,
    "device_8": 52,
    "device_89": 57,
    "device_75": 48,
    "device_79": 41,
    "device_40": 47,
    "device_13": 41,
    "device_87": 47,
    "device_21": 59,
    "device_44": 61,
    "device_47": 68,
    "device_74": 62,
    "device_76": 69,
    "device_17": 63,
    "device_43": 64,
    "device_26": 65,
    "device_88": 65,
    "device_83": 63
  },
  "convergence_rounds": 81,
  "zone_discovery_stats": {
    "rounds_completed": 1,
    "average_stability": 1.0,
    "total_migrations": 0,
    "migration_history_size": 0
  },
  "aggregation_stats": {
    "total_rounds": 91,
    "zone_participation_rates": {
      "zone_0": 1.0,
      "zone_1": 1.0,
      "zone_2": 1.0,
      "zone_3": 1.0,
      "zone_4": 1.0,
      "zone_5": 1.0,
      "zone_6": 1.0,
      "zone_7": 1.0,
      "zone_8": 1.0,
      "zone_9": 1.0
    },
    "average_communication_cost_mb": 891.9020462036133,
    "spatial_correlations": {
      "average": 0.9995381993249756,
      "maximum": 0.9999314403867587,
      "total_pairs": 55
    },
    "staleness_distribution": {
      "zone_0": 0,
      "zone_1": 0,
      "zone_2": 0,
      "zone_3": 0,
      "zone_4": 0,
      "zone_5": 0,
      "zone_6": 0,
      "zone_7": 0,
      "zone_8": 0,
      "zone_9": 0
    },
    "current_zone_weights": {
      "zone_0": 0.10802195221185684,
      "zone_1": 0.07805610448122025,
      "zone_2": 0.10497783124446869,
      "zone_3": 0.08236359059810638,
      "zone_4": 0.11936622858047485,
      "zone_5": 0.11507508158683777,
      "zone_6": 0.06640642136335373,
      "zone_7": 0.11917106807231903,
      "zone_8": 0.10591629892587662,
      "zone_9": 0.10064544528722763
    }
  }
}