{
  "total_rounds": 201,
  "total_training_time": 33392.01046657562,
  "final_accuracy": 0.3651182869970644,
  "final_loss": 5.694111733937132,
  "average_round_time": 166.89576620340347,
  "total_communication_cost": 161105.23223876953,
  "device_participation_stats": {
    "device_15": 147,
    "device_67": 133,
    "device_57": 132,
    "device_44": 142,
    "device_34": 147,
    "device_22": 146,
    "device_25": 139,
    "device_92": 147,
    "device_69": 135,
    "device_21": 137,
    "device_59": 132,
    "device_88": 142,
    "device_74": 131,
    "device_58": 143,
    "device_70": 139,
    "device_12": 131,
    "device_27": 139,
    "device_56": 143,
    "device_41": 147,
    "device_72": 140,
    "device_95": 130,
    "device_66": 135,
    "device_42": 129,
    "device_8": 137,
    "device_47": 147,
    "device_82": 132,
    "device_60": 132,
    "device_24": 142,
    "device_55": 140,
    "device_4": 136,
    "device_2": 139,
    "device_85": 145,
    "device_49": 151,
    "device_99": 140,
    "device_32": 147,
    "device_5": 131,
    "device_87": 147,
    "device_93": 139,
    "device_1": 139,
    "device_29": 147,
    "device_79": 142,
    "device_89": 139,
    "device_63": 130,
    "device_3": 129,
    "device_10": 140,
    "device_54": 140,
    "device_36": 146,
    "device_62": 142,
    "device_16": 136,
    "device_52": 143,
    "device_7": 133,
    "device_68": 136,
    "device_71": 140,
    "device_78": 131,
    "device_65": 130,
    "device_0": 135,
    "device_61": 142,
    "device_50": 128,
    "device_20": 135,
    "device_53": 142,
    "device_17": 139,
    "device_64": 135,
    "device_90": 129,
    "device_33": 139,
    "device_37": 142,
    "device_6": 136,
    "device_35": 126,
    "device_48": 140,
    "device_28": 137,
    "device_51": 136,
    "device_31": 145,
    "device_39": 130,
    "device_46": 142,
    "device_84": 136,
    "device_23": 128,
    "device_26": 136,
    "device_94": 132,
    "device_96": 142,
    "device_76": 141,
    "device_80": 140,
    "device_40": 145,
    "device_45": 132,
    "device_75": 139,
    "device_98": 142,
    "device_97": 146,
    "device_30": 136,
    "device_77": 141,
    "device_91": 145,
    "device_83": 134,
    "device_18": 135,
    "device_43": 127,
    "device_19": 141,
    "device_13": 139,
    "device_86": 135,
    "device_81": 126,
    "device_14": 140,
    "device_38": 132,
    "device_9": 140,
    "device_11": 140,
    "device_73": 140
  },
  "convergence_rounds": 190,
  "zone_discovery_stats": {
    "rounds_completed": 1,
    "average_stability": 1.0,
    "total_migrations": 0,
    "migration_history_size": 0
  },
  "aggregation_stats": {
    "total_rounds": 200,
    "zone_participation_rates": {
      "zone_0": 1.0,
      "zone_1": 1.0,
      "zone_2": 1.0,
      "zone_3": 1.0,
      "zone_4": 1.0,
      "zone_5": 1.0
    },
    "average_communication_cost_mb": 805.5261611938477,
    "spatial_correlations": {
      "average": 0.9996394203500427,
      "maximum": 0.9999999992944921,
      "total_pairs": 21
    },
    "staleness_distribution": {
      "zone_0": 0,
      "zone_1": 0,
      "zone_2": 0,
      "zone_3": 0,
      "zone_4": 0,
      "zone_5": 0
    },
    "current_zone_weights": {
      "zone_0": 0.17773247843187476,
      "zone_1": 0.11397162732879397,
      "zone_2": 0.18283782626436101,
      "zone_3": 0.1671838974132887,
      "zone_4": 0.19151211720307437,
      "zone_5": 0.16676205335860705
    }
  }
}