{
  "system_configuration": {
    "num_devices": 100,
    "num_zones": 10,
    "num_rounds": 0,
    "dataset": "shakespeare"
  },
  "final_performance": {
    "continuum_fl": {
      "accuracy": 0.0,
      "loss": Infinity,
      "total_communication_cost": 0
    }
  },
  "aggregation_statistics": {},
  "zone_discovery_statistics": {
    "rounds_completed": 1,
    "average_stability": 1.0,
    "total_migrations": 0,
    "migration_history_size": 0
  },
  "baseline_comparison": {
    "FedAvg": {
      "method": "FedAvg",
      "final_accuracy": 0.18865677234586406,
      "final_loss": NaN,
      "accuracies": [
        0.19958111960172906,
        0.34867845241759565,
        0.3955381877065964,
        0.4425397802550754,
        0.4702193434417783,
        0.4845402352689266,
        0.49511261592816136,
        0.5033537197382332,
        0.5102137226824405,
        0.5167097145457222,
        0.5213321199630636,
        0.5249936431888441,
        0.18865677234586406,
        0.18865677234586406,
        0.18865677234586406,
        0.18865677234586406,
        0.18865677234586406,
        0.18865677234586406,
        0.18865677234586406
      ],
      "losses": [
        3.3146396881303137,
        2.3974664220155693,
        2.124359871394506,
        1.90906130223088,
        1.8008316586220987,
        1.745351846514601,
        1.7072999814411025,
        1.678690147996153,
        1.6568927444612054,
        1.6399731245319416,
        1.6246593505011393,
        1.6143945794362409,
        NaN,
        NaN,
        NaN,
        NaN,
        NaN,
        NaN,
        NaN
      ],
      "total_time": 87288.92071700096,
      "convergence_round": -1
    }
  }
}