{
  "total_rounds": 201,
  "total_training_time": 103524.10980963707,
  "final_accuracy": 0.3929,
  "final_loss": 5.1660132400524885,
  "average_round_time": 517.6181504464149,
  "total_communication_cost": 1285143.1274414062,
  "device_participation_stats": {
    "device_19": 137,
    "device_65": 132,
    "device_56": 138,
    "device_36": 136,
    "device_22": 137,
    "device_10": 123,
    "device_49": 143,
    "device_99": 135,
    "device_31": 141,
    "device_7": 130,
    "device_94": 129,
    "device_90": 140,
    "device_67": 144,
    "device_92": 147,
    "device_1": 140,
    "device_41": 139,
    "device_66": 138,
    "device_62": 148,
    "device_20": 133,
    "device_30": 136,
    "device_45": 134,
    "device_91": 138,
    "device_23": 138,
    "device_54": 137,
    "device_39": 128,
    "device_25": 138,
    "device_52": 130,
    "device_71": 115,
    "device_82": 115,
    "device_81": 129,
    "device_51": 151,
    "device_69": 132,
    "device_85": 122,
    "device_9": 134,
    "device_2": 132,
    "device_93": 127,
    "device_34": 131,
    "device_95": 131,
    "device_57": 139,
    "device_64": 132,
    "device_27": 133,
    "device_38": 127,
    "device_33": 134,
    "device_63": 140,
    "device_61": 148,
    "device_46": 126,
    "device_78": 140,
    "device_68": 128,
    "device_4": 120,
    "device_35": 119,
    "device_97": 143,
    "device_5": 115,
    "device_32": 138,
    "device_60": 133,
    "device_96": 121,
    "device_28": 111,
    "device_73": 111,
    "device_84": 119,
    "device_59": 137,
    "device_98": 133,
    "device_6": 132,
    "device_77": 111,
    "device_50": 121,
    "device_18": 119,
    "device_0": 121,
    "device_11": 128,
    "device_3": 130,
    "device_86": 141,
    "device_14": 125,
    "device_80": 137,
    "device_76": 148,
    "device_72": 132,
    "device_15": 103,
    "device_8": 123,
    "device_12": 139,
    "device_48": 130,
    "device_53": 134,
    "device_87": 112,
    "device_58": 127,
    "device_79": 103,
    "device_13": 103,
    "device_75": 112,
    "device_24": 124,
    "device_70": 134,
    "device_29": 123,
    "device_89": 123,
    "device_42": 130,
    "device_16": 129,
    "device_55": 138,
    "device_40": 112,
    "device_21": 133,
    "device_74": 137,
    "device_44": 140,
    "device_17": 137,
    "device_47": 146,
    "device_43": 119,
    "device_37": 138,
    "device_26": 119,
    "device_88": 119,
    "device_83": 135
  },
  "convergence_rounds": 190,
  "zone_discovery_stats": {
    "rounds_completed": 1,
    "average_stability": 1.0,
    "total_migrations": 0,
    "migration_history_size": 0
  },
  "aggregation_stats": {
    "total_rounds": 200,
    "zone_participation_rates": {
      "zone_0": 1.0,
      "zone_1": 1.0,
      "zone_2": 1.0,
      "zone_3": 1.0,
      "zone_4": 1.0,
      "zone_5": 1.0,
      "zone_6": 1.0,
      "zone_7": 1.0,
      "zone_8": 1.0,
      "zone_9": 1.0
    },
    "average_communication_cost_mb": 6425.715637207031,
    "spatial_correlations": {
      "average": 0.9988389755623769,
      "maximum": 0.9999999992944921,
      "total_pairs": 55
    },
    "staleness_distribution": {
      "zone_0": 0,
      "zone_1": 0,
      "zone_2": 0,
      "zone_3": 0,
      "zone_4": 0,
      "zone_5": 0,
      "zone_6": 0,
      "zone_7": 0,
      "zone_8": 0,
      "zone_9": 0
    },
    "current_zone_weights": {
      "zone_0": 0.12186130881309509,
      "zone_1": 0.07838073372840881,
      "zone_2": 0.11931798607110977,
      "zone_3": 0.11719690263271332,
      "zone_4": 0.10049648582935333,
      "zone_5": 0.12022236734628677,
      "zone_6": 0.11696460098028183,
      "zone_7": 0.11633722484111786,
      "zone_8": 0.010839496739208698,
      "zone_9": 0.098382867872715
    }
  }
}