{
  "system_configuration": {
    "num_devices": 100,
    "num_zones": 10,
    "num_rounds": 0,
    "dataset": "shakespeare"
  },
  "final_performance": {
    "continuum_fl": {
      "accuracy": 0.0,
      "loss": Infinity,
      "total_communication_cost": 0
    }
  },
  "aggregation_statistics": {},
  "zone_discovery_statistics": {
    "rounds_completed": 1,
    "average_stability": 1.0,
    "total_migrations": 0,
    "migration_history_size": 0
  },
  "baseline_comparison": {
    "HierFL": {
      "method": "HierFL",
      "final_accuracy": 0.548762763807663,
      "final_loss": 1.6712660901286742,
      "accuracies": [
        0.20938399154209547,
        0.36061587463030126,
        0.437693882740254,
        0.4695635881856992,
        0.487322511141148,
        0.5003158331437443,
        0.5077486182299962,
        0.4997122706529449,
        0.5081541158679389,
        0.5151104746865088,
        0.5208784443879395,
        0.5260013650415535,
        0.5304805749233837,
        0.5347041740829463,
        0.5373151506229675,
        0.540659502428971,
        0.5430804437723324,
        0.5448978226248946,
        0.54576101066606,
        0.5474244877748484,
        0.5482582337432919,
        0.5486730993134644,
        0.5487774848440239,
        0.5491562169613105,
        0.5487078944903175,
        0.5490986710918995,
        0.5493047656009529,
        0.5493449138819373,
        0.549692865650469,
        0.549722307723191,
        0.5492311604191481,
        0.5495362873546298,
        0.5495055070058751,
        0.5491695997216386,
        0.5489635052125852,
        0.5494252104439061,
        0.5491321279927198,
        0.549152202133212,
        0.5490866266076041,
        0.5482742930556856,
        0.548762763807663
      ],
      "losses": [
        3.079281374500728,
        2.286083572345386,
        1.9362076188591744,
        1.8085719622255556,
        1.7364923882745806,
        1.6904380006888584,
        1.669515369219419,
        1.6989270760082718,
        1.6668767779299805,
        1.6428922722859511,
        1.6239888338642032,
        1.6082205075736158,
        1.5977448153910305,
        1.5860684406179482,
        1.5792225650133602,
        1.5721503928860152,
        1.568347004223417,
        1.5672225689195778,
        1.5691912689716205,
        1.5679655688731546,
        1.572677937623735,
        1.5764797631907683,
        1.5831640482551228,
        1.5884869684755252,
        1.5951767455085821,
        1.5988303843570433,
        1.6023171425284324,
        1.6076079848930418,
        1.6120639236700702,
        1.6173546597713802,
        1.6257832063698288,
        1.626017501722586,
        1.6334568032278267,
        1.6399501739411209,
        1.6484398303905061,
        1.648953568454514,
        1.654021462871629,
        1.6573123820445113,
        1.6609286981551523,
        1.670617987421246,
        1.6712660901286742
      ],
      "total_time": 202117.33668112755,
      "convergence_round": 2,
      "num_clusters": 10
    }
  }
}