{
  "system_configuration": {
    "num_devices": 30,
    "num_zones": 5,
    "num_rounds": 200,
    "dataset": "cifar100"
  },
  "final_performance": {
    "continuum_fl": {
      "accuracy": 0.4243,
      "loss": 6.701096576623643,
      "total_communication_cost": 369273.02623901365
    }
  },
  "aggregation_statistics": {
    "total_rounds": 200,
    "zone_participation_rates": {
      "zone_0": 1.0,
      "zone_1": 1.0,
      "zone_2": 1.0,
      "zone_3": 1.0,
      "zone_4": 1.0
    },
    "average_communication_cost_mb": 1850.6061035156247,
    "spatial_correlations": {
      "average": 0.9986395488388271,
      "maximum": 0.9999999992944921,
      "total_pairs": 15
    },
    "staleness_distribution": {
      "zone_0": 0,
      "zone_1": 0,
      "zone_2": 0,
      "zone_3": 0,
      "zone_4": 0
    },
    "current_zone_weights": {
      "zone_0": 0.03526949811789779,
      "zone_1": 0.03526949811789779,
      "zone_2": 0.2169666470326957,
      "zone_3": 0.6772248586136108,
      "zone_4": 0.03526949811789779
    }
  },
  "zone_discovery_statistics": {
    "rounds_completed": 1,
    "average_stability": 1.0,
    "total_migrations": 0,
    "migration_history_size": 0
  }
}