{
  "total_rounds": 201,
  "total_training_time": 38171.24093961716,
  "final_accuracy": 0.4243,
  "final_loss": 6.701096576623643,
  "average_round_time": 190.8415812766552,
  "total_communication_cost": 369273.02623901365,
  "device_participation_stats": {
    "device_29": 125,
    "device_18": 129,
    "device_20": 132,
    "device_4": 138,
    "device_19": 124,
    "device_16": 117,
    "device_5": 139,
    "device_0": 129,
    "device_3": 136,
    "device_1": 134,
    "device_10": 133,
    "device_22": 108,
    "device_27": 126,
    "device_21": 122,
    "device_15": 119,
    "device_17": 115,
    "device_12": 121,
    "device_6": 126,
    "device_24": 126,
    "device_14": 124,
    "device_7": 128,
    "device_9": 116,
    "device_23": 137,
    "device_26": 109,
    "device_13": 115,
    "device_11": 131,
    "device_28": 134,
    "device_2": 127,
    "device_8": 138,
    "device_25": 131
  },
  "convergence_rounds": 190,
  "zone_discovery_stats": {
    "rounds_completed": 1,
    "average_stability": 1.0,
    "total_migrations": 0,
    "migration_history_size": 0
  },
  "aggregation_stats": {
    "total_rounds": 200,
    "zone_participation_rates": {
      "zone_0": 1.0,
      "zone_1": 1.0,
      "zone_2": 1.0,
      "zone_3": 1.0,
      "zone_4": 1.0
    },
    "average_communication_cost_mb": 1850.6061035156247,
    "spatial_correlations": {
      "average": 0.9986395488388271,
      "maximum": 0.9999999992944921,
      "total_pairs": 15
    },
    "staleness_distribution": {
      "zone_0": 0,
      "zone_1": 0,
      "zone_2": 0,
      "zone_3": 0,
      "zone_4": 0
    },
    "current_zone_weights": {
      "zone_0": 0.03526949811789779,
      "zone_1": 0.03526949811789779,
      "zone_2": 0.2169666470326957,
      "zone_3": 0.6772248586136108,
      "zone_4": 0.03526949811789779
    }
  }
}