{
  "total_rounds": 201,
  "total_training_time": 14698.034989356995,
  "final_accuracy": 0.4444,
  "final_loss": 2.3297444688694555,
  "average_round_time": 73.4784946501255,
  "total_communication_cost": 190272.4365234375,
  "device_participation_stats": {
    "device_26": 140,
    "device_27": 131,
    "device_86": 137,
    "device_9": 142,
    "device_43": 139,
    "device_34": 148,
    "device_72": 133,
    "device_45": 145,
    "device_66": 135,
    "device_85": 141,
    "device_4": 136,
    "device_15": 148,
    "device_25": 142,
    "device_16": 141,
    "device_70": 133,
    "device_31": 138,
    "device_48": 141,
    "device_37": 145,
    "device_10": 127,
    "device_17": 140,
    "device_74": 131,
    "device_0": 133,
    "device_29": 148,
    "device_59": 133,
    "device_71": 141,
    "device_1": 139,
    "device_19": 140,
    "device_69": 127,
    "device_89": 140,
    "device_30": 137,
    "device_33": 140,
    "device_6": 133,
    "device_68": 129,
    "device_41": 124,
    "device_58": 144,
    "device_64": 135,
    "device_40": 139,
    "device_2": 122,
    "device_52": 144,
    "device_80": 141,
    "device_44": 144,
    "device_62": 143,
    "device_93": 132,
    "device_5": 123,
    "device_87": 134,
    "device_24": 132,
    "device_22": 134,
    "device_3": 133,
    "device_47": 131,
    "device_8": 132,
    "device_14": 138,
    "device_97": 139,
    "device_49": 133,
    "device_94": 142,
    "device_11": 136,
    "device_57": 131,
    "device_99": 125,
    "device_20": 139,
    "device_12": 125,
    "device_61": 131,
    "device_82": 126,
    "device_7": 129,
    "device_28": 139,
    "device_50": 119,
    "device_65": 123,
    "device_67": 116,
    "device_38": 111,
    "device_79": 143,
    "device_90": 137,
    "device_78": 135,
    "device_51": 129,
    "device_21": 131,
    "device_96": 142,
    "device_84": 137,
    "device_92": 127,
    "device_32": 139,
    "device_76": 141,
    "device_54": 138,
    "device_60": 130,
    "device_75": 138,
    "device_77": 140,
    "device_18": 133,
    "device_91": 147,
    "device_13": 133,
    "device_23": 127,
    "device_63": 128,
    "device_83": 139,
    "device_56": 135,
    "device_81": 113,
    "device_88": 103,
    "device_42": 134,
    "device_98": 133,
    "device_95": 135,
    "device_36": 136,
    "device_46": 141,
    "device_53": 140,
    "device_55": 141,
    "device_39": 140,
    "device_73": 141,
    "device_35": 119
  },
  "convergence_rounds": 190,
  "zone_discovery_stats": {
    "rounds_completed": 1,
    "average_stability": 1.0,
    "total_migrations": 0,
    "migration_history_size": 0
  },
  "aggregation_stats": {
    "total_rounds": 200,
    "zone_participation_rates": {
      "zone_0": 1.0,
      "zone_1": 1.0,
      "zone_2": 1.0,
      "zone_3": 1.0,
      "zone_4": 1.0
    },
    "average_communication_cost_mb": 951.3621826171875,
    "spatial_correlations": {
      "average": 0.9999936747496977,
      "maximum": 1.0000195830769858,
      "total_pairs": 15
    },
    "staleness_distribution": {
      "zone_0": 0,
      "zone_1": 0,
      "zone_2": 0,
      "zone_3": 0,
      "zone_4": 0
    },
    "current_zone_weights": {
      "zone_0": 0.14788842179820544,
      "zone_1": 0.21387780736670492,
      "zone_2": 0.1698910731402599,
      "zone_3": 0.23271693292444728,
      "zone_4": 0.23562576477038255
    }
  }
}