{
  "total_rounds": 201,
  "total_training_time": 98421.70768857002,
  "final_accuracy": 0.4495,
  "final_loss": 4.269034961161141,
  "average_round_time": 492.10621500730514,
  "total_communication_cost": 1285143.1274414062,
  "device_participation_stats": {
    "device_78": 140,
    "device_7": 130,
    "device_46": 127,
    "device_22": 137,
    "device_9": 134,
    "device_33": 135,
    "device_99": 132,
    "device_36": 139,
    "device_41": 139,
    "device_62": 147,
    "device_85": 122,
    "device_30": 135,
    "device_59": 137,
    "device_23": 139,
    "device_25": 137,
    "device_20": 134,
    "device_39": 128,
    "device_6": 133,
    "device_73": 113,
    "device_71": 117,
    "device_18": 121,
    "device_77": 111,
    "device_68": 134,
    "device_67": 144,
    "device_63": 140,
    "device_81": 129,
    "device_35": 119,
    "device_28": 112,
    "device_0": 120,
    "device_49": 144,
    "device_96": 120,
    "device_82": 114,
    "device_52": 130,
    "device_56": 139,
    "device_2": 134,
    "device_51": 151,
    "device_94": 128,
    "device_90": 140,
    "device_10": 122,
    "device_61": 148,
    "device_66": 137,
    "device_19": 135,
    "device_65": 131,
    "device_27": 133,
    "device_32": 138,
    "device_91": 137,
    "device_34": 131,
    "device_95": 129,
    "device_84": 118,
    "device_5": 114,
    "device_31": 135,
    "device_69": 133,
    "device_92": 146,
    "device_1": 139,
    "device_57": 138,
    "device_93": 127,
    "device_60": 132,
    "device_38": 128,
    "device_97": 143,
    "device_4": 120,
    "device_64": 132,
    "device_45": 135,
    "device_98": 133,
    "device_54": 137,
    "device_50": 122,
    "device_11": 126,
    "device_42": 131,
    "device_48": 133,
    "device_14": 125,
    "device_3": 130,
    "device_70": 131,
    "device_72": 132,
    "device_87": 111,
    "device_79": 103,
    "device_55": 138,
    "device_37": 140,
    "device_12": 139,
    "device_58": 128,
    "device_13": 104,
    "device_89": 122,
    "device_16": 129,
    "device_86": 140,
    "device_29": 127,
    "device_80": 137,
    "device_8": 122,
    "device_53": 134,
    "device_24": 125,
    "device_40": 111,
    "device_15": 104,
    "device_75": 112,
    "device_21": 134,
    "device_17": 138,
    "device_47": 146,
    "device_44": 137,
    "device_76": 147,
    "device_74": 137,
    "device_26": 120,
    "device_43": 117,
    "device_83": 135,
    "device_88": 118
  },
  "convergence_rounds": 190,
  "zone_discovery_stats": {
    "rounds_completed": 1,
    "average_stability": 1.0,
    "total_migrations": 0,
    "migration_history_size": 0
  },
  "aggregation_stats": {
    "total_rounds": 200,
    "zone_participation_rates": {
      "zone_0": 1.0,
      "zone_1": 1.0,
      "zone_2": 1.0,
      "zone_3": 1.0,
      "zone_4": 1.0,
      "zone_5": 1.0,
      "zone_6": 1.0,
      "zone_7": 1.0,
      "zone_8": 1.0,
      "zone_9": 1.0
    },
    "average_communication_cost_mb": 6425.715637207031,
    "spatial_correlations": {
      "average": 0.9988097093354743,
      "maximum": 0.9999999992944921,
      "total_pairs": 55
    },
    "staleness_distribution": {
      "zone_0": 0,
      "zone_1": 0,
      "zone_2": 0,
      "zone_3": 0,
      "zone_4": 0,
      "zone_5": 0,
      "zone_6": 0,
      "zone_7": 0,
      "zone_8": 0,
      "zone_9": 0
    },
    "current_zone_weights": {
      "zone_0": 0.11580979824066162,
      "zone_1": 0.09714116901159286,
      "zone_2": 0.10309169441461563,
      "zone_3": 0.11231692135334015,
      "zone_4": 0.10077060759067535,
      "zone_5": 0.09281883388757706,
      "zone_6": 0.07988038659095764,
      "zone_7": 0.10380753874778748,
      "zone_8": 0.11647243797779083,
      "zone_9": 0.07789061963558197
    }
  }
}